Name,Positions,AveragePasses,Crosses,LongBalls,ThroughBalls
Lionel Messi,",  AM(CR),FW  ",59.9	,0.8	,2.9	,1.3	
Neymar,",  AM(CLR),FW  ",59.9	,0.7	,1.9	,0.6	
Erling Haaland,",  FW  ",14.4	,-	,0.1	,0.2	
Kylian Mbappé,",  AM(LR),FW  ",34.7	,0.4	,0.3	,0.1	
Kevin De Bruyne,",  M(CLR),FW  ",43.5	,2.4	,2.9	,0.5	
Martin Terrier,",  AM(CL),FW  ",37	,0.2	,1.4	,0.2	
Robert Lewandowski,",  FW  ",20	,0.2	,0.6	,0.1	
Joshua Kimmich,",  D(CR),DMC,M(R)  ",78.7	,2.2	,5.9	,0.3	
Rémy Cabella,",  M(CLR),FW  ",57.3	,1.2	,1.7	,0.3	
Jamal Musiala,",  M(CL)  ",31.4	,-	,0.3	,0.1	
Kieran Trippier,",  D(LR),M(R)  ",51.8	,3.5	,3.3	,0.3	
Gabriel Jesus,",  AM(LR),FW  ",27.6	,0.1	,0.5	,0.1	
Khvicha Kvaratskhelia,",  AM(CLR)  ",22.7	,0.2	,0.6	,0.3	
Harry Kane,",  AM(C),FW  ",22	,0.3	,1.9	,0.1	
Marcus Thuram,",  AM(L),FW  ",16.7	,0.1	,0.1	,0.1	
Jude Bellingham,",  M(CLR)  ",51.9	,0.1	,4.1	,0.2	
Vinícius Júnior,",  AM(L),FW  ",33	,0.1	,0.7	,0.1	
Alexandre Lacazette,",  M(CLR),FW  ",25.5	,0.2	,0.7	,0.1	
Christopher Nkunku,",  M(CLR),FW  ",27.9	,0.3	,1.7	,0.1	
Niclas Füllkrug,",  FW  ",31.1	,0.2	,1.6	,-	
Aleksandar Mitrovic,",  FW  ",19.7	,-	,1	,0.1	
Enzo Le Fée,",  M(CLR)  ",55.7	,1.1	,3.5	,0.3	
Victor Osimhen,",  FW  ",11.5	,-	,0.2	,-	
Sergej Milinkovic-Savic,",  AM(C)  ",52.4	,0.1	,2.7	,0.4	
Vincenzo Grifo,",  AM(CL)  ",38.5	,0.7	,2.5	,0.3	
Dango Ouattara,",  AM(LR)  ",22.4	,0.1	,0.5	,0.1	
Florian Sotoca,",  AM(CR),FW  ",39.3	,0.6	,2.5	,0.4	
Rodrygo,",  AM(CLR),FW  ",27.4	,0.3	,0.3	,0.1	
James Maddison,",  AM(CLR)  ",39.9	,0.8	,2.4	,0.1	
Martin Ødegaard,",  AM(CR)  ",42.5	,0.5	,1.6	,0.2	
Phil Foden,",  AM(CLR),FW  ",36.7	,1.5	,0.8	,0.1	
Paulo Dybala,",  AM(CR),FW  ",29.1	,1.2	,2	,-	
Michael Gregoritsch,",  AM(CR),FW  ",16.8	,0.1	,0.1	,-	
Bukayo Saka,",  D(L),M(CLR)  ",32	,1.3	,1	,-	
Gabriel Martinelli,",  AM(L),FW  ",27.4	,0.5	,1.6	,0.1	
Federico Valverde,",  M(CLR)  ",47.5	,0.1	,2.2	,-	
Rodri,",  DMC  ",92.5	,-	,5.1	,-	
Benjamin André,",  D(R),M(CLR)  ",58.4	,-	,3.8	,0.2	
Ousmane Dembélé,",  AM(CLR),FW  ",32.3	,1.3	,1.4	,0.4	
Bruno Guimarães,",  DMC  ",52.2	,0.1	,3.3	,0.2	
Jonathan David,",  AM(C),FW  ",22.4	,0.1	,0.5	,0.1	
Serge Gnabry,",  AM(CLR),FW  ",24.9	,0.3	,0.5	,-	
Amine Gouiri,",  AM(L),FW  ",21	,0.5	,0.9	,0.1	
Rodrigo Bentancur,",  M(C)  ",48.9	,0.3	,1.6	,0.1	
Mikel Merino,",  M(C)  ",46.6	,0.1	,2.1	,0.1	
Ivan Toney,",  FW  ",22.3	,0.2	,0.4	,0.1	
Eric Choupo-Moting,",  M(CLR),FW  ",13.9	,0.1	,0.1	,0.2	
Adrien Rabiot,",  DMC,M(L)  ",33.9	,0.2	,2	,0.1	
Leroy Sané,",  M(CLR),FW  ",34.8	,0.1	,0.3	,0.1	
Thomas Partey,",  D(R),M(CR)  ",64.2	,-	,3.7	,0.1	
Randal Kolo Muani,",  AM(R),FW  ",16.5	,0.1	,0.4	,0.1	
Jonas Hofmann,",  D(R),M(CLR)  ",36.3	,2.8	,1.2	,0.2	
Frenkie de Jong,",  D(C),DMC  ",55.6	,0.3	,2.8	,0.2	
Mário Rui,",  D(L),M(L)  ",57.8	,2	,4.8	,0.1	
Dominik Szoboszlai,",  AM(CLR)  ",41.6	,1.6	,2.1	,0.3	
Joelinton,",  AM(CLR),FW  ",36.2	,0.3	,0.9	,0.1	
Konstantinos Mavropanos,",  D(CR)  ",47.2	,0.1	,5.8	,0.1	
Pedri,",  AM(CL)  ",51.4	,-	,5.4	,0.5	
Marco Verratti,",  M(C)  ",86.4	,-	,3.4	,0.2	
Willi Orbán,",  D(C)  ",74.3	,-	,4.8	,-	
Lorenzo Pellegrini,",  M(CL)  ",35.3	,1.6	,2.5	,0.1	
Lautaro Martínez,",  FW  ",19.3	,-	,1	,0.1	
Benjamin Pavard,",  D(CLR),M(R)  ",67.6	,0.5	,2.5	,0.1	
Roberto Firmino,",  M(CLR),FW  ",32.4	,0.1	,0.5	,0.3	
Antoine Griezmann,",  AM(CLR),FW  ",28.1	,0.8	,1.4	,0.1	
Mattia Zaccagni,",  AM(CL),FW  ",22.5	,0.2	,0.5	,-	
Miguel Almirón,",  AM(CLR),FW  ",30.3	,0.2	,0.5	,-	
Maximilian Arnold,",  M(CR)  ",42	,1.5	,6	,0.3	
Brais Méndez,",  AM(CR),FW  ",42.7	,1.3	,2.7	,0.2	
Armand Laurienté,",  AM(LR),FW  ",26	,1.3	,0.4	,0.1	
Frank Anguissa,",  M(C)  ",58.2	,-	,1.8	,-	
Hakan Çalhanoglu,",  M(CLR),FW  ",42.7	,1.9	,2.1	,0.2	
Joselu,",  FW  ",23.2	,0.1	,0.5	,-	
Aleix García,",  DMC  ",56.8	,3	,3.9	,0.1	
Sadio Mané,",  AM(CLR),FW  ",18.7	,0.4	,0.3	,-	
Fabian Schär,",  D(C)  ",49.4	,0.1	,4.2	,-	
José Gayà,",  D(L),M(L)  ",49.3	,1.8	,3.7	,0.1	
Rafal Gikiewicz,",  GK  ",39.8	,-	,10.5	,-	
Bruno Fernandes,",  M(CLR)  ",47.2	,0.8	,2.8	,0.5	
Piotr Zielinski,",  M(CL)  ",33.9	,1.3	,1	,-	
Ciro Immobile,",  FW  ",19.4	,-	,0.3	,0.2	
Daichi Kamada,",  AM(CLR),FW  ",40.2	,0.5	,1.8	,0.2	
Aurélien Tchouaméni,",  DMC  ",56.1	,-	,1.3	,0.3	
Gianluigi Donnarumma,",  GK  ",21.2	,-	,2.1	,-	
João Cancelo,",  D(LR),M(R)  ",69.4	,0.8	,2.6	,-	
Lucas Martínez,",  D(C)  ",58.8	,-	,6.5	,-	
Bernd Leno,",  GK  ",30.2	,-	,4.9	,-	
Nabil Bentaleb,",  M(C)  ",58.8	,0.7	,4.8	,0.1	
Gerónimo Rulli,",  GK  ",33.8	,-	,5	,-	
Vedat Muriqi,",  FW  ",23.6	,-	,0.6	,-	
Moussa Diaby,",  M(CLR),FW  ",27.2	,0.7	,0.8	,0.1	
Yann Sommer,",  GK  ",55.5	,-	,6.9	,-	
Dodi Lukébakio,",  AM(CLR),FW  ",19.5	,0.6	,0.9	,0.1	
Bernardo Silva,",  M(CLR),FW  ",48.2	,0.4	,2.4	,0.1	
Branco van den Boomen,",  DMC  ",54.1	,2.7	,8.5	,0.2	
Andrei Girotto,",  D(C),DMC  ",46.8	,0.1	,3.9	,-	
Rafael Leão,",  AM(L),FW  ",20.8	,0.6	,2.1	,0.1	
Kim Min-Jae,",  D(C)  ",73.7	,0.1	,3.5	,-	
Breel Embolo,",  AM(CR),FW  ",16.5	,-	,0.3	,0.1	
Ilkay Gündogan,",  M(C)  ",48.5	,0.3	,2.4	,0.3	
Gerard Deulofeu,",  AM(CLR),FW  ",33.7	,1.2	,0.6	,-	
Guido Rodríguez,",  DMC  ",49.6	,-	,2.5	,0.2	
Son Heung-Min,",  M(CLR),FW  ",21	,1.3	,0.4	,-	
Achraf Hakimi,",  D(LR),M(R)  ",41.9	,0.6	,0.2	,-	
Terem Moffi,",  AM(R),FW  ",12.1	,-	,0.1	,-	
Romain Del Castillo,",  AM(LR),FW  ",22.1	,1.3	,1.2	,-	
Ismaël Bennacer,",  DMC  ",47.6	,0.9	,3.4	,0.1	
Seko Fofana,",  M(C)  ",50.4	,0.4	,2.5	,0.1	
Matthias Ginter,",  D(CR),DMC  ",57.7	,-	,4.1	,-	
Rafael Tolói,",  D(C)  ",39.7	,0.1	,3.5	,-	
Adam Ounas,",  AM(CLR),FW  ",26.8	,0.8	,1.7	,0.2	
Alphonso Davies,",  D(L),M(LR)  ",54.3	,0.2	,1.3	,-	
Nuno Mendes,",  D(L),M(L)  ",31.9	,0.2	,0.6	,0.2	
Paulo Otávio,",  D(L),M(L)  ",41	,0.9	,2	,0.1	
Pau López,",  GK  ",31.2	,-	,6.3	,-	
Alassane Plea,",  AM(CLR),FW  ",30.1	,0.5	,1.9	,0.4	
Pierre-Emile Højbjerg,",  M(C)  ",66.1	,0.2	,4.6	,0.3	
Toni Kroos,",  M(C)  ",80.4	,1.3	,6.4	,0.1	
Florian Kainz,",  AM(CLR)  ",25.9	,2.1	,1.1	,0.2	
Casemiro,",  DMC  ",44.8	,0.2	,3.3	,0.1	
Wilfried Zaha,",  AM(LR),FW  ",24.7	,0.2	,0.3	,0.1	
Jeremie Frimpong,",  D(R),M(R)  ",27.5	,0.4	,0.6	,-	
Florian Tardieu,",  M(C)  ",57.4	,1.1	,4.5	,-	
Alexis Mac Allister,",  M(CL),FW  ",57.6	,0.4	,2.2	,-	
Leon Goretzka,",  M(CR)  ",34.5	,-	,0.7	,0.1	
Leandro Trossard,",  M(CLR),FW  ",30.5	,0.7	,1.6	,0.2	
Callum Wilson,",  FW  ",9.3	,0.1	,0.1	,-	
Yeray Álvarez,",  D(C)  ",53.2	,0.3	,3.8	,0.1	
Pascal Struijk,",  D(CL),DMC  ",42.3	,0.2	,0.6	,-	
Aleksandr Golovin,",  M(CLR)  ",26.1	,0.8	,1.1	,0.1	
Ivan Provedel,",  GK  ",32.9	,-	,8.1	,-	
Felipe Anderson,",  M(CLR),FW  ",31.2	,0.1	,0.5	,-	
Nicolò Barella,",  AM(C)  ",45.1	,0.5	,1.6	,0.1	
Thiago Silva,",  D(C)  ",74.7	,-	,5	,-	
Jonathan Clauss,",  D(R),M(R)  ",33.7	,1	,0.9	,-	
Ardian Ismajli,",  D(C)  ",36.9	,-	,2	,-	
Téji Savanier,",  M(C)  ",51.2	,1.8	,4.8	,0.2	
Juan Cuadrado,",  D(R),M(CLR),FW  ",36.6	,1.6	,2.6	,-	
Granit Xhaka,",  D(L),M(C)  ",44.5	,0.1	,2	,-	
Alisson,",  GK  ",30.4	,-	,4.4	,-	
Jaka Bijol,",  D(C),M(C),FW  ",35.9	,-	,2	,0.1	
Alessio Romagnoli,",  D(CL)  ",49	,-	,3.4	,0.1	
Enes Ünal,",  FW  ",20.3	,0.1	,0.3	,0.1	
Ramy Bensebaïni,",  D(CL),DMC,M(L)  ",40.3	,0.1	,2.2	,0.2	
Fabiano Parisi,",  D(L)  ",35.1	,0.6	,2	,-	
Manuel Locatelli,",  M(C)  ",44.4	,-	,3.7	,-	
Frederik Rønnow,",  GK  ",36.2	,-	,7.5	,-	
Mama Baldé,",  D(R),M(CLR),FW  ",15.4	,0.1	,0.4	,-	
Nico Schlotterbeck,",  D(C)  ",69.7	,0.1	,5.6	,0.1	
Benjamin Bourigeaud,",  M(CLR)  ",42.3	,1.9	,2.1	,0.1	
Theo Hernández,",  D(L),M(L)  ",39.7	,1	,2.2	,0.1	
Mats Hummels,",  D(C)  ",62.3	,0.1	,5.8	,-	
Rasmus Nicolaisen,",  D(C)  ",45	,-	,2.9	,-	
Mitchell Weiser,",  D(R),M(R)  ",32.1	,0.5	,1.9	,0.3	
Ibañez,",  D(C)  ",56.5	,-	,3.5	,0.1	
Dusan Vlahovic,",  FW  ",17.1	,0.2	,0.8	,-	
Sergi Darder,",  M(CL)  ",39.5	,1.4	,3.6	,0.1	
Rúben Neves,",  DMC  ",61.3	,0.1	,7.1	,-	
Anton Stach,",  M(C)  ",30	,0.5	,1.1	,0.3	
Alejandro Balde,",  D(LR)  ",49.9	,0.4	,1.8	,-	
Caio Henrique,",  D(L),M(CL)  ",40.8	,0.9	,1.8	,-	
Diogo Dalot,",  D(LR),M(R)  ",46.2	,0.9	,2.9	,-	
Isi Palazón,",  AM(R)  ",31.9	,1.2	,1.5	,0.1	
Julian Brandt,",  M(CLR),FW  ",33	,1.2	,1.2	,0.1	
Nicolás Tagliafico,",  D(CL),M(L)  ",47.6	,0.3	,1.1	,-	
Eberechi Eze,",  AM(CLR)  ",34.5	,0.9	,1.4	,0.1	
James Tarkowski,",  D(C)  ",48.6	,-	,3.9	,0.1	
Wataru Endo,",  DMC  ",39.6	,-	,2.8	,-	
Axel Disasi,",  D(C)  ",48.3	,0.2	,3.3	,-	
Ben Mee,",  D(CL)  ",47.1	,-	,3.1	,-	
Iago Aspas,",  AM(CR),FW  ",31.8	,0.2	,1.4	,0.1	
Wout Faes,",  D(C)  ",70.3	,-	,2.6	,-	
Jean-Ricner Bellegarde,",  M(CLR)  ",41.7	,2	,1.8	,0.1	
Marvin Ducksch,",  FW  ",25.1	,0.8	,1.1	,0.1	
Kevin Danso,",  D(C)  ",62.2	,-	,2.7	,0.1	
Mohamed Salah,",  AM(CLR),FW  ",25.4	,0.3	,0.5	,-	
Teun Koopmeiners,",  D(C),M(C)  ",42.9	,1.1	,2.5	,0.1	
Danilo,",  D(CLR),DMC  ",49.7	,0.2	,3.9	,0.1	
Koen Casteels,",  GK  ",38	,-	,11.8	,-	
Darwin Núñez,",  AM(CL),FW  ",13.6	,0.1	,0.5	,-	
Lee Kang-In,",  AM(CLR),FW  ",21.8	,1.4	,0.9	,0.1	
Gabriel Magalhães,",  D(C)  ",62.5	,-	,2.4	,-	
Jonathan Bamba,",  AM(CLR),FW  ",37.9	,0.5	,0.9	,0.3	
Dejan Kulusevski,",  AM(CR),FW  ",22.2	,0.6	,0.3	,0.1	
Jordan Pickford,",  GK  ",31.6	,-	,8.1	,0.1	
Gaëtan Laborde,",  AM(CLR),FW  ",18.7	,0.2	,0.4	,0.1	
Daniel Parejo,",  M(C)  ",59.5	,1	,5	,0.3	
Alexis Flips,",  M(CR)  ",23.6	,1.5	,1.8	,0.1	
Youri Tielemans,",  M(C)  ",54.7	,0.4	,2.5	,0.2	
Dayot Upamecano,",  D(C)  ",81	,0.1	,5.3	,-	
Alfonso Pedraza,",  D(L),M(L)  ",26.9	,0.4	,0.5	,-	
Samuel Lino,",  AM(LR),FW  ",32	,0.2	,0.6	,-	
Sheraldo Becker,",  AM(CLR),FW  ",13.2	,1.1	,0.7	,0.1	
Rodrigo,",  M(CLR),FW  ",19.9	,0.2	,1	,-	
Alex Berenguer,",  D(LR),M(CLR),FW  ",27.4	,1.2	,0.7	,-	
Vinicius Souza,",  DMC  ",33.6	,0.1	,2.1	,-	
Giovanni Di Lorenzo,",  D(CLR),M(R)  ",58.5	,0.4	,2.8	,-	
Iñaki Williams,",  AM(CLR),FW  ",18.1	,0.2	,0.3	,0.1	
Declan Rice,",  D(C),DMC  ",61.4	,0.1	,4.7	,-	
Fikayo Tomori,",  D(CR)  ",54	,-	,5.3	,-	
Rony Lopes,",  AM(CLR),FW  ",17.3	,1.1	,1.3	,-	
Rodrigo Becão,",  D(C)  ",41.1	,-	,2.4	,-	
Nico Williams,",  AM(R)  ",21.9	,0.6	,0.2	,-	
Ozan Kabak,",  D(C)  ",54.4	,-	,2.6	,-	
João Palhinha,",  DMC  ",34	,-	,2.1	,-	
Azor Matusiwa,",  DMC  ",42.6	,-	,3.2	,-	
Jeremías Ledesma,",  GK  ",27	,-	,7.4	,-	
Nuno Tavares,",  D(L),M(L)  ",34.5	,0.6	,1.4	,0.1	
Alexander Sørloth,",  AM(R),FW  ",16	,-	,0.1	,-	
Rafael Ratão,",  AM(R)  ",25.7	,0.4	,0.6	,0.1	
Jordi Alba,",  D(L),M(L)  ",63.5	,1.1	,3.1	,0.2	
Luka Modric,",  M(C)  ",57.8	,0.5	,2.8	,0.4	
Edin Dzeko,",  FW  ",16.5	,-	,0.7	,0.3	
Sofiane Boufal,",  AM(CLR),FW  ",31.2	,0.5	,1.4	,0.2	
Stefano Sensi,",  AM(C)  ",56.2	,0.7	,4.5	,0.1	
Federico Fazio,",  D(C)  ",46.4	,-	,2.9	,-	
Maxime Dupé,",  GK  ",31.5	,-	,5.9	,-	
Jordan Siebatcheu,",  FW  ",12.2	,-	,0.1	,-	
Wissam Ben Yedder,",  AM(C),FW  ",18.3	,0.1	,0.2	,-	
Marcus Tavernier,",  M(CLR)  ",27.3	,1.2	,0.8	,-	
Ritsu Doan,",  AM(CLR),FW  ",19.7	,0.3	,0.6	,-	
Álvaro Morata,",  AM(L),FW  ",12.6	,0.1	,0.3	,-	
Stanislav Lobotka,",  DMC  ",57.5	,-	,2.7	,-	
Ludovic Blas,",  M(CLR),FW  ",28.7	,0.6	,2.7	,-	
Malo Gusto,",  D(R),M(R)  ",61.1	,1.9	,2.4	,-	
Jonas Hector,",  D(L),M(CL)  ",44.8	,0.5	,2.8	,-	
Karl Toko-Ekambi,",  AM(LR),FW  ",29.1	,0.3	,1.3	,0.1	
Giacomo Bonaventura,",  M(CLR)  ",35	,0.5	,2	,0.1	
Tetê,",  AM(R)  ",28.3	,0.4	,0.6	,-	
Philip Billing,",  M(C)  ",24.7	,0.1	,0.5	,-	
Jordi Masip,",  GK  ",31.4	,-	,5.4	,-	
Guglielmo Vicario,",  GK  ",35.3	,-	,5.8	,-	
Wojciech Szczesny,",  GK  ",24.3	,-	,5.4	,-	
Youssouf Fofana,",  DMC  ",41	,-	,2.2	,0.3	
Youcef Atal,",  D(R),M(R)  ",26.3	,0.7	,1.3	,-	
Christoph Baumgartner,",  AM(CLR),FW  ",27.1	,0.3	,1.1	,-	
Bremer,",  D(C)  ",60.4	,-	,3.2	,-	
Filip Kostic,",  M(LR),FW  ",26	,1.7	,1.1	,-	
Raphinha,",  AM(LR),FW  ",23.8	,1.1	,1.3	,0.2	
Joachim Andersen,",  D(C)  ",66.5	,-	,6.6	,-	
Pascal Groß,",  M(CR),FW  ",36.9	,1.2	,1.6	,0.1	
Cristiano Biraghi,",  D(L),M(L)  ",48.4	,3.4	,2.6	,-	
Éder Militão,",  D(CR)  ",46.3	,-	,2.7	,-	
Solly March,",  M(CLR)  ",34.3	,0.9	,2.2	,-	
Moisés Caicedo,",  DMC  ",53.9	,0.3	,2.2	,0.1	
Rominigue Kouamé,",  M(C)  ",45.9	,0.1	,2.1	,0.1	
Tomás Soucek,",  DMC  ",35.1	,0.1	,2.2	,-	
Mory Diaw,",  GK  ",30.3	,-	,7.9	,-	
Lucas Tousart,",  DMC  ",25.9	,0.1	,1	,-	
Moses Simon,",  M(CLR),FW  ",19.9	,1.2	,0.5	,0.1	
Marc-André ter Stegen,",  GK  ",32.7	,-	,6.6	,-	
Timo Werner,",  AM(CLR),FW  ",20.7	,-	,0.8	,-	
Giorgos Kyriakopoulos,",  D(L),M(L)  ",26.7	,1.2	,2.1	,-	
Éric Ebimbe,",  M(CR)  ",26.8	,0.1	,0.4	,-	
Nicolas Pépé,",  AM(LR),FW  ",30.8	,0.8	,0.7	,0.1	
Borna Sosa,",  D(L),M(L)  ",35.8	,3.1	,1.6	,-	
David Raya,",  GK  ",38.1	,-	,10.4	,-	
Adrien Truffert,",  D(L),M(L)  ",41.4	,0.3	,0.9	,-	
Marc Oliver Kempf,",  D(C)  ",41.8	,-	,2.3	,-	
Federico Dimarco,",  D(CL),M(L)  ",33.9	,2.3	,3.2	,-	
Chris Smalling,",  D(CR)  ",38.9	,-	,1.9	,-	
Álvaro García,",  AM(L)  ",21.5	,0.8	,0.4	,-	
Sergio Busquets,",  DMC  ",57.2	,0.1	,3.6	,0.3	
Jackson Porozo,",  D(C)  ",33.3	,-	,1.1	,-	
Mark Flekken,",  GK  ",38.3	,-	,9.8	,-	
Iker Muniain,",  AM(CLR)  ",43.1	,1.1	,1.2	,0.2	
Emiliano Martínez,",  GK  ",29	,-	,6.1	,0.1	
Raphaël Guerreiro,",  D(L),M(CL)  ",54	,0.6	,1.5	,0.1	
Hirving Lozano,",  AM(LR),FW  ",14.9	,0.6	,0.1	,-	
Rasmus Kristensen,",  D(R),M(R)  ",40.6	,0.5	,1.1	,-	
Ionut Radu,",  GK  ",33.1	,-	,5.6	,-	
Alexis Sánchez,",  M(CLR),FW  ",26.7	,0.1	,1.2	,0.1	
Youssoufa Moukoko,",  FW  ",9.4	,-	,0.1	,0.1	
Ben White,",  D(CR),DMC  ",54	,0.4	,1.8	,0.1	
Przemyslaw Frankowski,",  M(CLR)  ",34	,1.4	,1.5	,-	
Borja Iglesias,",  FW  ",16.2	,-	,0.3	,0.2	
Reinildo,",  D(CL),M(L)  ",48.6	,0.3	,1.3	,-	
Paul Joly,",  D(R)  ",53.4	,0.8	,5.4	,-	
Copete,",  D(C)  ",32.3	,-	,3.1	,-	
David da Costa,",  AM(CL)  ",30.6	,0.2	,0.7	,-	
Roberto Pereyra,",  M(CLR),FW  ",36.3	,0.5	,1.4	,-	
Merih Demiral,",  D(C)  ",30.5	,-	,2.2	,-	
Mikel Vesga,",  DMC  ",44.1	,0.2	,3.1	,-	
Olivier Giroud,",  FW  ",13.6	,-	,-	,-	
Mohamed Camara,",  DMC  ",38.7	,0.1	,2.5	,0.1	
Aarón Martín,",  D(L),M(L)  ",29.9	,1.8	,1.6	,-	
Nikola Milenkovic,",  D(CR)  ",45.1	,-	,2.9	,-	
Marquinhos,",  D(CR),DMC  ",55.6	,-	,2.1	,-	
Benoît Badiashile,",  D(C)  ",42.5	,-	,3.9	,-	
Alexander Nübel,",  GK  ",25.5	,-	,7.6	,-	
Suat Serdar,",  M(CLR)  ",22.4	,0.1	,1.1	,-	
Oliver Baumann,",  GK  ",39.7	,-	,6.5	,-	
Destiny Udogie,",  M(L)  ",30.7	,-	,0.8	,-	
Chancel Mbemba,",  D(CLR),DMC  ",50.4	,0.1	,2.4	,-	
Davide Frattesi,",  DMC  ",26.8	,-	,1.9	,0.1	
Chimy Avila,",  AM(LR),FW  ",16.2	,0.9	,1.6	,-	
Deiver Machado,",  M(L)  ",22.5	,0.7	,0.5	,-	
Julian Ryerson,",  D(R),M(CLR)  ",26.1	,0.7	,1.2	,0.1	
Joe Willock,",  M(C)  ",26.9	,0.5	,1.3	,-	
Alexander Djiku,",  D(CR),DMC  ",53.6	,0.1	,6	,-	
Timothy Castagne,",  D(CLR),M(LR)  ",40.8	,0.6	,1.1	,0.1	
Hamza Sakhi,",  AM(C)  ",40.4	,0.9	,5.1	,0.2	
Nick Pope,",  GK  ",18.8	,-	,4.1	,-	
Ismaily,",  D(L)  ",45.5	,0.2	,0.5	,-	
Christopher Lenz,",  D(L),M(L)  ",22.9	,1	,1.1	,-	
Kingsley Coman,",  M(LR),FW  ",26.6	,0.4	,0.8	,0.1	
André Almeida,",  M(C)  ",29.5	,0.4	,0.8	,0.1	
Ademola Lookman,",  AM(CLR),FW  ",16.9	,0.5	,0.2	,0.1	
Exequiel Palacios,",  M(C)  ",36.1	,0.2	,1.1	,-	
Nicolas Höfler,",  D(C),DMC  ",41.4	,-	,1.5	,-	
Wladimiro Falcone,",  GK  ",28.7	,-	,6.1	,-	
Neto Borges,",  D(L),M(L)  ",34.7	,1	,0.8	,-	
Simone Bastoni,",  D(L),DMC,M(L)  ",27.1	,1.5	,0.8	,0.1	
Sandro Tonali,",  DMC  ",34.8	,0.8	,2.9	,0.1	
Carlos Augusto,",  D(L),M(L)  ",41.3	,-	,0.8	,0.1	
Junior Messias,",  AM(CR),FW  ",21.6	,0.1	,0.7	,0.1	
James Ward-Prowse,",  M(CR)  ",50.8	,2.1	,2.1	,-	
Bryan Cristante,",  D(C),M(C)  ",48.9	,0.2	,3.7	,0.1	
Christian Kouamé,",  AM(LR),FW  ",23.9	,0.6	,0.8	,-	
Mason Mount,",  M(CLR)  ",31.8	,0.9	,1.3	,0.1	
Franck Honorat,",  M(LR),FW  ",25.3	,2.3	,0.8	,-	
William Saliba,",  D(C)  ",67.1	,0.1	,2.6	,-	
Dani Olmo,",  AM(CLR),FW  ",25.6	,0.2	,0.6	,0.6	
Dominic Solanke,",  FW  ",14	,-	,0.2	,-	
Kevin Gameiro,",  FW  ",27.9	,0.3	,0.4	,0.2	
Moi Gómez,",  M(CLR)  ",38.9	,1.5	,3.4	,0.1	
Gabriel Strefezza,",  M(LR)  ",18.8	,0.8	,1.6	,0.1	
Raúl Albiol,",  D(C)  ",60.1	,-	,5.2	,-	
Junya Ito,",  AM(LR),FW  ",20.8	,0.8	,0.3	,0.3	
Trent Alexander-Arnold,",  D(R),M(R)  ",54.6	,2.1	,4.6	,0.1	
Jesper Lindstrøm,",  AM(CR),FW  ",16.1	,0.2	,0.1	,0.1	
Manuel Neuer,",  GK  ",35.2	,-	,5.9	,-	
Philipp Hofmann,",  FW  ",19.1	,-	,0.1	,-	
Marko Arnautovic,",  AM(CLR),FW  ",24.5	,0.1	,0.5	,-	
Valentin Rongier,",  D(R),M(C)  ",54.6	,0.1	,2.1	,-	
Luigi Sepe,",  GK  ",31.7	,-	,5.9	,-	
Ermedin Demirovic,",  AM(L),FW  ",15.7	,0.3	,-	,0.1	
Matthijs de Ligt,",  D(C)  ",52.2	,-	,1.8	,-	
Edgar González,",  D(C),DMC  ",39.1	,-	,2	,-	
Georginio Rutter,",  FW  ",9.8	,0.1	,0.5	,-	
Danilo Pereira,",  D(C),DMC  ",45.7	,-	,1.9	,-	
Mario Götze,",  M(CLR),FW  ",47.1	,0.4	,1	,0.4	
Jonathan Gradit,",  D(CR)  ",59.4	,0.1	,2.6	,-	
Mërgim Berisha,",  AM(C),FW  ",13.5	,1.3	,0.4	,-	
Morten Hjulmand,",  DMC  ",31.9	,-	,2.3	,-	
Matteo Politano,",  AM(CLR),FW  ",19.4	,0.5	,1	,0.1	
Tammy Abraham,",  FW  ",14.8	,0.1	,0.6	,0.1	
Armel Bella-Kotchap,",  D(C)  ",37.6	,-	,2.1	,-	
Ridle Baku,",  D(R),M(CR)  ",40.3	,0.5	,2.7	,0.1	
Angeliño,",  D(L),M(L)  ",33.9	,2.3	,1.8	,-	
Sven Botman,",  D(C)  ",43.6	,-	,3.3	,-	
Etienne Capoue,",  D(C),M(CL)  ",44.8	,-	,1.3	,0.1	
David Soria,",  GK  ",25.5	,-	,9.6	,-	
Manu Koné,",  DMC  ",46.2	,-	,1	,-	
Rúben Dias,",  D(C)  ",74.5	,-	,1.9	,-	
Nicolò Rovella,",  DMC  ",65.1	,0.5	,5.6	,-	
Marcus Rashford,",  AM(CLR),FW  ",21.7	,0.3	,0.9	,0.1	
William Carvalho,",  DMC  ",49.5	,0.1	,1.8	,0.2	
Neco Williams,",  D(LR),M(LR)  ",26.8	,0.9	,1.7	,0.1	
Boulaye Dia,",  AM(R),FW  ",14.7	,0.1	,0.4	,0.1	
Folarin Balogun,",  FW  ",12.5	,0.1	,0.1	,0.1	
Andrew Robertson,",  D(L),M(L)  ",52.2	,2.3	,1.3	,-	
Gédéon Kalulu,",  D(R)  ",39.2	,0.3	,1.6	,-	
Marshall Munetsi,",  D(C),DMC  ",24.4	,0.1	,1.1	,-	
Kalidou Koulibaly,",  D(C)  ",67.6	,-	,4	,-	
Eray Cömert,",  D(C)  ",50	,-	,3.6	,-	
Kenny Tete,",  D(CR),M(R)  ",29.3	,0.4	,1.1	,-	
Aaron Cresswell,",  D(CL),M(L)  ",48.2	,1.9	,2.7	,0.1	
Michael Olise,",  AM(CLR)  ",25.7	,1.1	,0.8	,-	
Stijn Spierings,",  M(C)  ",57.7	,0.1	,4.2	,-	
José Giménez,",  D(CR)  ",40.3	,-	,3.1	,-	
Lisandro Martínez,",  D(CL),DMC  ",57.6	,-	,2.2	,0.1	
Virgil van Dijk,",  D(C)  ",81.1	,-	,4.6	,-	
Laurent Abergel,",  DMC  ",37.5	,-	,1.3	,0.3	
Rui Silva,",  GK  ",29.1	,-	,7.4	,-	
Stefan de Vrij,",  D(C)  ",47.8	,-	,1.4	,-	
Anthony Rouault,",  D(C)  ",51.7	,-	,3.5	,-	
Che Adams,",  AM(CL),FW  ",17.6	,0.1	,1.1	,0.1	
Ellyes Skhiri,",  DMC  ",51.6	,0.1	,2.5	,-	
Lukasz Fabianski,",  GK  ",21.3	,-	,5.5	,-	
Fernando Martínez,",  GK  ",30.8	,-	,5.1	,-	
Mouctar Diakhaby,",  D(C)  ",44.2	,-	,5.1	,-	
Harvey Barnes,",  AM(CL)  ",23.1	,-	,0.4	,0.1	
Eric García,",  D(C)  ",55.3	,-	,3.4	,-	
Salis Abdul Samed,",  DMC  ",59.9	,0.1	,1.6	,0.1	
Florian Niederlechner,",  AM(CR),FW  ",13.7	,-	,0.1	,-	
Oriol Romeu,",  DMC  ",50.4	,0.2	,3.1	,-	
Hamari Traoré,",  D(R),M(R)  ",56.9	,0.7	,2.1	,-	
Noussair Mazraoui,",  D(R)  ",34.5	,0.2	,0.4	,0.1	
Leonardo Balerdi,",  D(C)  ",47.1	,-	,3.5	,-	
Sergio Escudero,",  D(L),M(L)  ",29.4	,0.7	,1.2	,-	
David García,",  D(C)  ",39.1	,-	,4	,-	
Loïs Openda,",  FW  ",11.9	,0.1	,0.1	,0.1	
Stefan Savic,",  D(C)  ",51	,-	,3.4	,-	
Álex Moreno,",  D(L),M(L)  ",36.4	,0.2	,1.2	,-	
Pasquale Mazzocchi,",  D(R),M(LR)  ",27.7	,1.1	,1.5	,0.1	
Ben Davies,",  D(CL),M(L)  ",53.2	,0.3	,2.8	,-	
Karim Onisiwo,",  AM(LR),FW  ",20.5	,0.5	,-	,-	
Dan Burn,",  D(CL),M(L)  ",36.8	,0.1	,1.7	,-	
Felix Nmecha,",  M(C)  ",15	,-	,0.5	,0.1	
Marius Wolf,",  D(R),M(CLR)  ",23.6	,0.5	,1.4	,-	
Andreas Pereira,",  M(CLR)  ",25.1	,2.3	,1.6	,-	
Sergio Ramos,",  D(CR)  ",67.6	,0.2	,4.2	,-	
Jordan Veretout,",  M(C)  ",43.7	,0.2	,2.7	,0.1	
Eric Dier,",  D(CR),DMC  ",66.7	,0.1	,5.1	,-	
Mohamed Simakan,",  D(CR)  ",50.6	,0.1	,2.4	,0.1	
Gavi,",  AM(CL)  ",29.7	,0.2	,1.1	,0.1	
Gregor Kobel,",  GK  ",34.6	,-	,5.5	,-	
Gonzalo Plata,",  AM(R)  ",19.5	,0.1	,0.2	,0.1	
Dante,",  D(C)  ",69.6	,-	,4.9	,-	
Denzel Dumfries,",  D(R),M(R)  ",20.9	,0.5	,0.7	,-	
Yunis Abdelhamid,",  D(C)  ",42.2	,-	,3	,-	
Vicente Guaita,",  GK  ",27.1	,-	,5.8	,-	
Johan Gastien,",  DMC  ",73.1	,0.6	,5.7	,-	
César Azpilicueta,",  D(CLR),M(R)  ",39.8	,0.3	,0.3	,-	
Steve Mandanda,",  GK  ",25.7	,-	,7.6	,-	
Lazar Samardzic,",  M(C)  ",17.1	,0.5	,2.1	,-	
Mario Lemina,",  DMC  ",51.9	,-	,2	,-	
Alex Iwobi,",  M(CLR)  ",40	,0.3	,2.1	,0.1	
Dejan Ljubicic,",  M(CR)  ",21	,0.2	,1.4	,0.2	
Jimmy Cabot,",  M(LR)  ",23	,1.2	,1.2	,0.1	
Silas Mvumpa,",  M(LR),FW  ",13.4	,0.4	,0.2	,-	
Ante Rebic,",  AM(CLR),FW  ",13.3	,0.2	,0.5	,0.2	
James Justin,",  D(CLR),M(LR)  ",48.7	,0.5	,1.9	,-	
Óscar Trejo,",  M(CLR),FW  ",31	,0.2	,0.8	,0.3	
Azzedine Ounahi,",  AM(CR)  ",40.8	,0.2	,2.2	,0.1	
Facundo Medina,",  D(CL)  ",79.1	,0.1	,3	,0.1	
Ola Aina,",  D(CLR),M(LR)  ",26.2	,0.7	,1	,-	
Alidu Seidu,",  D(CR)  ",43.5	,0.4	,1.6	,-	
Nemanja Gudelj,",  D(C),M(C)  ",44.3	,-	,1.3	,-	
Vanderson,",  D(R),M(R)  ",32	,0.5	,2.4	,-	
Cheick Oumar Doucouré,",  DMC  ",40.3	,0.1	,1.8	,0.1	
Brice Samba,",  GK  ",29.7	,-	,6.3	,-	
Lewis Ferguson,",  M(C)  ",24.2	,0.2	,0.6	,0.1	
Martín Zubimendi,",  DMC  ",47.5	,-	,2.3	,0.1	
Emmanuel Agbadou,",  D(C),DMC  ",40.1	,-	,3.4	,0.3	
Edu Expósito,",  M(C)  ",22.4	,0.4	,1.2	,0.1	
Federico Baschirotto,",  D(C)  ",36.5	,0.1	,3.6	,0.1	
Lars Stindl,",  M(CLR),FW  ",23.7	,0.5	,0.5	,0.2	
Johann Lepenant,",  M(C)  ",49.7	,-	,2.6	,-	
Óscar Rodríguez,",  AM(CLR)  ",42.9	,0.8	,2.5	,-	
Farès Chaïbi,",  Midfielder  ",20.5	,0.2	,0.7	,0.2	
Nicolás Domínguez,",  M(C)  ",35.1	,-	,1.8	,0.3	
Thierry Correia,",  D(R),M(R)  ",49.4	,1	,2.9	,-	
Montassar Talbi,",  D(C)  ",46.2	,-	,1.5	,-	
Bryan Mbeumo,",  AM(LR),FW  ",18.1	,0.8	,0.7	,0.1	
Javi Galán,",  D(L),M(L)  ",43	,0.8	,1.8	,-	
Arkadiusz Milik,",  AM(C),FW  ",16.8	,-	,0.3	,0.1	
Mounaïm El Idrissy,",  FW  ",17.4	,0.1	,0.3	,-	
Quentin Merlin,",  D(L),M(L)  ",47.8	,1.8	,3.2	,-	
Philipp Lienhart,",  D(C)  ",62.7	,-	,4.6	,0.1	
Mohammed Salisu,",  D(CL)  ",49.7	,0.2	,3.3	,0.1	
Nikola Vlasic,",  AM(CLR),FW  ",27.9	,0.3	,0.5	,-	
Takefusa Kubo,",  AM(CLR),FW  ",22	,0.6	,0.3	,-	
Milos Veljkovic,",  D(C),DMC  ",47.8	,-	,5.3	,-	
Jonjoe Kenny,",  D(LR),M(R)  ",39.1	,0.5	,2.9	,-	
Leonardo Sernicola,",  M(R)  ",19.1	,1.3	,0.9	,-	
Santi Comesaña,",  M(C)  ",29	,-	,1.3	,-	
Óscar Valentín,",  DMC  ",33.6	,0.1	,2.3	,-	
Brian Oliván,",  D(CL)  ",28.8	,1.3	,2.5	,-	
Brenden Aaronson,",  AM(CLR)  ",28.6	,0.8	,0.4	,0.1	
Vitinha,",  M(C)  ",50.4	,-	,1.3	,-	
Samu Castillejo,",  AM(CLR)  ",22.3	,0.6	,0.9	,-	
Luke Shaw,",  D(CL),M(L)  ",54	,0.8	,1.8	,-	
Flavien Tait,",  M(CLR)  ",42	,0.1	,2.7	,0.1	
Habib Diallo,",  AM(R),FW  ",17.4	,-	,0.3	,0.1	
Hugo Lloris,",  GK  ",25.1	,-	,4.7	,-	
Luca Pellegrini,",  D(L),M(L)  ",32.6	,0.9	,2.4	,0.1	
Maxime Estève,",  D(C)  ",28.1	,-	,1.5	,-	
Nico Elvedi,",  D(CLR)  ",64.2	,-	,2.2	,-	
Joe Gomez,",  D(CLR)  ",69.7	,-	,4.2	,-	
Walace,",  DMC  ",48.1	,0.1	,2.4	,-	
Óscar De Marcos,",  D(LR),M(CR)  ",41	,1.4	,1.7	,-	
Alejandro Catena,",  D(C)  ",55.1	,-	,7.4	,0.1	
Brahim Díaz,",  AM(CLR)  ",17.1	,0.1	,0.4	,-	
Kaoru Mitoma,",  M(L)  ",15.9	,-	,-	,0.1	
Mattéo Guendouzi,",  M(C)  ",42.4	,0.1	,2.3	,-	
Djibril Sow,",  M(C)  ",44.9	,0.1	,1.3	,-	
Marc Roca,",  DMC  ",42.1	,0.1	,2.5	,-	
Antonio Raíllo,",  D(C)  ",36.3	,-	,2.6	,-	
Mathias Autret,",  M(CLR)  ",26.6	,1	,3.6	,0.1	
Lucas Robertone,",  AM(C)  ",27.6	,1	,1.5	,0.1	
Ivan Perisic,",  M(CLR),FW  ",21	,1.9	,1	,-	
Kiernan Dewsbury-Hall,",  M(C)  ",37.9	,0.2	,2	,0.1	
Danny Welbeck,",  AM(CLR),FW  ",14.4	,-	,0.1	,0.1	
Yeremy Pino,",  AM(LR)  ",17.5	,0.2	,0.4	,-	
Christian Günter,",  D(L),M(L)  ",31.1	,1.9	,1.8	,-	
Santiago Bueno,",  D(C)  ",58	,0.1	,4.1	,-	
Rolando Mandragora,",  DMC  ",33.6	,0.6	,2.6	,0.1	
Kevin Stöger,",  M(CL)  ",47.3	,1.2	,4.2	,0.4	
Amadou Onana,",  DMC  ",27.1	,-	,1	,0.1	
Julien Laporte,",  D(C)  ",42.5	,-	,3.3	,-	
Aaron Ramsey,",  M(CLR)  ",30.2	,0.6	,1.8	,-	
Elye Wahi,",  AM(L),FW  ",13.9	,-	,0.2	,-	
Nicolas Pallois,",  D(C)  ",43.5	,-	,3.9	,-	
Xaver Schlager,",  M(C)  ",47.7	,0.1	,3.5	,0.1	
Nordi Mukiele,",  D(CR),M(R)  ",29.5	,-	,0.6	,-	
Marcel Sabitzer,",  M(CLR),FW  ",32.4	,-	,0.9	,-	
Mathias Jensen,",  M(C)  ",33.9	,1.4	,3.3	,0.1	
Aaron Ramsdale,",  GK  ",24	,-	,4.5	,-	
﻿Javi Sánchez,",  D(C)  ",39.1	,-	,3.3	,-	
Guillermo Maripán,",  D(C)  ",35.6	,-	,2.2	,-	
Patric,",  D(CR),M(R)  ",56.1	,-	,5.7	,-	
Saïd Benrahma,",  AM(CLR)  ",20.2	,0.3	,0.5	,-	
Jack Harrison,",  AM(CLR),FW  ",26	,1	,0.6	,0.1	
Kyle Walker-Peters,",  D(LR),M(R)  ",31.1	,0.4	,1.1	,-	
Daniel Amartey,",  D(CR),DMC  ",53.4	,-	,1.9	,0.2	
Íñigo Martínez,",  D(C)  ",55.8	,-	,5.6	,-	
Marco Friedl,",  D(CL),M(L)  ",52.9	,0.6	,6.4	,-	
Vitaly Janelt,",  DMC  ",28.7	,0.1	,2.1	,-	
Joe Aribo,",  M(CLR),FW  ",20.4	,-	,0.3	,-	
Perr Schuurs,",  D(C)  ",29.9	,-	,1.8	,-	
Emil Holm,",  M(R)  ",22.1	,0.4	,0.2	,-	
Zeki Çelik,",  D(R),M(R)  ",31.9	,0.4	,1.9	,-	
Thiago Mendes,",  D(CR),M(CR)  ",64.3	,-	,3.7	,0.1	
Jonas Omlin,",  GK  ",25.9	,-	,4.1	,-	
John Stones,",  D(CR)  ",68.6	,-	,2.6	,-	
Yannick Gerhardt,",  D(L),M(CL)  ",23.9	,0.2	,1	,-	
Emanuel Aiwu,",  D(C)  ",33.2	,0.1	,1.5	,0.1	
Nathan Patterson,",  D(R),M(R)  ",27.5	,0.1	,0.9	,-	
Oihan Sancet,",  M(C),FW  ",25.5	,-	,0.6	,0.1	
Illan Meslier,",  GK  ",24.7	,-	,3	,-	
Arnau Martinez,",  D(R)  ",33.8	,0.5	,0.8	,-	
Roque Mesa,",  DMC  ",38.8	,0.2	,4.7	,0.2	
Dennis Geiger,",  M(C)  ",32.5	,0.5	,2.3	,-	
Tiago Djaló,",  D(CLR)  ",54.5	,-	,2.6	,-	
Florian Lejeune,",  D(C)  ",43.7	,-	,4.4	,-	
Morgan Gibbs-White,",  AM(CR),FW  ",26.2	,1.2	,0.9	,0.4	
Hans Hateboer,",  D(R),M(R)  ",33.7	,0.5	,1.2	,0.1	
Raheem Sterling,",  M(CLR),FW  ",24.6	,0.5	,0.2	,0.1	
Faitout Maouassa,",  D(L),M(LR)  ",9.8	,0.8	,0.4	,0.1	
Manuel Riemann,",  GK  ",49.2	,0.1	,17.9	,-	
Dominik Kohr,",  DMC  ",43.1	,-	,1.8	,0.2	
Maximiliano Caufriez,",  D(CR)  ",46.1	,-	,2.8	,-	
Ansu Fati,",  AM(L)  ",14.9	,0.1	,0.1	,-	
Leon Bailey,",  M(CLR),FW  ",13.4	,0.9	,0.3	,0.1	
Mostafa Mohamed,",  FW  ",9	,0.1	,0.1	,-	
Matteo Pessina,",  AM(CR)  ",43.3	,0.3	,1.5	,0.1	
Domingos Duarte,",  D(C)  ",30.8	,-	,3	,-	
Marcelo Brozovic,",  M(CR)  ",47.3	,0.1	,2.7	,0.1	
Alex Meret,",  GK  ",24.8	,-	,3.7	,-	
Adrián Embarba,",  AM(CLR),FW  ",14	,1.1	,1.2	,-	
Léo Baptistão,",  AM(CLR),FW  ",15.5	,0.3	,0.6	,0.1	
Waldemar Anton,",  D(CR),DMC  ",59.7	,0.3	,3.4	,-	
Alex Sandro,",  D(CL),M(L)  ",36	,0.2	,2.5	,-	
Lassana Coulibaly,",  M(CL)  ",32.5	,-	,0.5	,0.1	
Beto,",  FW  ",6.5	,-	,0.1	,-	
Fabinho,",  D(CR),DMC  ",52.1	,-	,2.7	,0.1	
Anthony Jung,",  D(CL),M(L)  ",36	,0.5	,1.7	,-	
Fran García,",  D(L)  ",41.8	,1	,1.6	,-	
Leonardo Bonucci,",  D(C)  ",38.9	,-	,3.4	,0.1	
Edgar Badia,",  GK  ",26.3	,-	,7.9	,-	
Sergio Camello,",  FW  ",12.8	,-	,0.4	,0.1	
Sebastian Rode,",  D(R),M(C)  ",28.6	,-	,1.1	,0.1	
Vitaliy Mykolenko,",  D(CL),M(L)  ",35.6	,0.7	,1.2	,-	
Luis Alberto,",  AM(CL),FW  ",28.8	,0.5	,1.3	,0.3	
Maxence Caqueret,",  DMC  ",49.3	,0.3	,1.8	,0.1	
Predrag Rajkovic,",  GK  ",30.2	,-	,8.5	,-	
Boubakary Soumaré,",  DMC  ",34	,-	,1.3	,0.1	
Grischa Prömel,",  M(C)  ",25.8	,0.2	,0.9	,-	
Wahbi Khazri,",  M(CLR),FW  ",16.4	,0.1	,1.1	,-	
Sergi Roberto,",  D(R),M(CR)  ",29	,0.4	,1.2	,-	
Ferland Mendy,",  D(L),M(L)  ",47.5	,0.1	,1.3	,-	
Jubal,",  D(C)  ",38.9	,0.1	,5.1	,-	
Koray Günter,",  D(C)  ",32.1	,0.1	,3	,-	
Kai Havertz,",  M(CR),FW  ",21.6	,0.1	,0.2	,-	
Muhammed Cham,",  AM(C)  ",28.3	,0.5	,1.3	,0.2	
Vincent Le Goff,",  D(L),M(L)  ",43.2	,0.4	,1.3	,0.1	
Munas Dabbur,",  AM(C),FW  ",13.8	,0.1	,0.4	,-	
Jeffrey Gouweleeuw,",  D(C)  ",35.9	,-	,3.6	,0.1	
Koke,",  M(CLR)  ",45.6	,0.2	,2	,-	
Kurt Zouma,",  D(CR)  ",40.9	,-	,2.4	,-	
Flavius Daniliuc,",  D(CR)  ",51.1	,-	,4.5	,-	
Justin Kluivert,",  AM(LR)  ",12.9	,0.5	,0.4	,-	
João Félix,",  AM(CL),FW  ",13.4	,0.1	,0.3	,0.4	
Danilo Cataldi,",  M(C)  ",44	,1	,2.2	,-	
Yvon Mvogo,",  GK  ",26.8	,-	,5.9	,-	
Massadio Haïdara,",  D(CL),M(L)  ",30.9	,-	,1.1	,-	
Ederson,",  GK  ",32.9	,-	,4.6	,0.1	
Adam Marusic,",  D(CLR),M(LR)  ",48.6	,0.1	,1.8	,-	
Saúl Ñíguez,",  D(CL),M(CLR)  ",18.2	,-	,0.5	,-	
Jordan Ayew,",  AM(CLR),FW  ",19.8	,0.2	,0.2	,-	
Lukasz Skorupski,",  GK  ",30.3	,-	,5.7	,-	
Robin Knoche,",  D(C)  ",50.6	,-	,4.9	,-	
Germán Pezzella,",  D(C)  ",42	,-	,2.3	,0.1	
Íñigo Lekue,",  D(LR),M(LR)  ",41.1	,0.4	,2.4	,-	
Castello Lukeba,",  D(C)  ",67.9	,-	,1.7	,-	
Gianluca Mancini,",  D(C),DMC  ",45.5	,0.2	,3.1	,-	
Tom Krauß,",  DMC  ",24.9	,-	,0.9	,-	
Memeh Okoli,",  D(C)  ",29.3	,-	,1.4	,-	
Yannick Carrasco,",  M(CLR),FW  ",22.9	,0.8	,0.7	,0.1	
Pau Torres,",  D(C)  ",59.1	,-	,4.9	,-	
Anthony Gordon,",  AM(LR)  ",16.3	,0.2	,0.4	,0.1	
Steffen Tigges,",  FW  ",11.5	,-	,0.4	,-	
Patrik Schick,",  AM(R),FW  ",19.7	,0.1	,0.1	,-	
Tuta,",  D(C)  ",54.2	,-	,2.1	,-	
Joaquín Fernández,",  D(C),DMC  ",37.5	,-	,3.1	,-	
Ricardo Rodríguez,",  D(CL),M(L)  ",47	,0.3	,2.5	,-	
Edimilson Fernandes,",  D(C),M(CR)  ",29.1	,0.4	,3.4	,-	
Corentin Tolisso,",  D(R),M(CR)  ",48.7	,0.4	,3.7	,0.3	
Óliver Torres,",  M(CLR)  ",33.9	,0.3	,2.6	,0.1	
André Silva,",  FW  ",15.3	,-	,0.2	,0.1	
Ashley Young,",  D(LR),M(LR)  ",28.2	,0.5	,2.1	,0.2	
Marco Silvestri,",  GK  ",24.1	,-	,4.9	,-	
Arnaud Kalimuendo,",  FW  ",13.2	,-	,0.2	,-	
Matteo Bianchetti,",  D(C)  ",32.4	,0.1	,1.7	,-	
Filippo Bandinelli,",  M(C)  ",25.5	,1	,0.9	,-	
Oliver Christensen,",  GK  ",32.7	,-	,8.1	,-	
Lucas Torró,",  DMC  ",33.9	,-	,0.9	,-	
Lee Jae-Sung,",  AM(CL),FW  ",24.4	,0.2	,0.7	,-	
Komnen Andric,",  FW  ",19.9	,-	,0.7	,-	
Jhon Lucumí,",  D(C)  ",49.7	,0.1	,3	,-	
Idrissa Gueye,",  M(C)  ",42.2	,-	,1.2	,-	
Mehdi Bourabia,",  M(C)  ",38.6	,0.4	,1.5	,0.1	
Robert Skov,",  D(L),M(LR)  ",26.1	,0.9	,1.6	,-	
Janik Haberer,",  M(CLR),FW  ",16.1	,0.2	,0.6	,0.1	
Jaume Costa,",  D(LR),M(L)  ",29.9	,0.7	,1.5	,-	
Giorgi Mamardashvili,",  GK  ",25.6	,-	,4.1	,-	
Harvey Elliott,",  AM(CR)  ",35.6	,0.2	,1.1	,0.2	
Maximilian Eggestein,",  M(CR)  ",26.6	,0.1	,0.6	,0.1	
Weston McKennie,",  D(C),M(CLR)  ",21.5	,0.5	,0.9	,0.1	
Marvin Plattenhardt,",  D(L),M(L)  ",28.3	,1.6	,1	,-	
Angel Gomes,",  M(CL),FW  ",50	,0.5	,3.1	,0.1	
Ethan Ampadu,",  D(C),DMC  ",42.6	,0.3	,3.1	,0.1	
Emil Audero,",  GK  ",30.6	,-	,6.9	,-	
Romain Perraud,",  D(L),M(L)  ",23.3	,0.5	,0.4	,0.1	
Maxence Lacroix,",  D(C)  ",55	,-	,5.2	,-	
Manuel Lazzari,",  D(R),M(R)  ",36.2	,0.2	,1	,-	
Maya Yoshida,",  D(CR)  ",44.1	,0.1	,3.5	,-	
Nemanja Matic,",  DMC  ",38.7	,0.1	,2.6	,-	
Andy Delort,",  AM(R),FW  ",16.7	,0.1	,0.8	,-	
Franco Cervi,",  AM(CL)  ",25.5	,0.7	,0.5	,-	
Odsonne Édouard,",  AM(L),FW  ",13.9	,-	,-	,-	
Tim Ream,",  D(CL),DMC  ",55.2	,-	,3.5	,-	
Ollie Watkins,",  AM(LR),FW  ",19.4	,0.1	,0.3	,-	
Bradley Locko,",  D(L),M(L)  ",25.1	,0.2	,1	,0.1	
Nicolas Cozza,",  D(CL)  ",31.9	,0.3	,1.5	,0.1	
Youssouf Sabaly,",  D(LR),M(R)  ",33.1	,-	,0.7	,-	
Álex Baena,",  AM(C)  ",15.2	,0.2	,0.5	,0.2	
Christopher Jullien,",  D(C)  ",35.6	,-	,2.6	,-	
Demarai Gray,",  AM(CLR),FW  ",24.1	,1.5	,0.9	,-	
Wesley Saïd,",  AM(CLR),FW  ",9.9	,0.1	,0.4	,-	
Sasa Lukic,",  M(C)  ",43.7	,0.5	,2.7	,-	
Robert Andrich,",  M(C)  ",45.6	,0.1	,1.6	,-	
Chris Führich,",  M(CLR),FW  ",20.1	,0.4	,0.8	,0.1	
Wilfried Kanga,",  FW  ",11.9	,0.1	,-	,-	
Axel Witsel,",  D(C),M(C)  ",46.9	,-	,1.1	,-	
Martin Valjent,",  D(C)  ",38.8	,-	,3.4	,-	
Pedro,",  M(CLR),FW  ",25.9	,0.2	,0.9	,-	
Robert Gumny,",  D(CLR)  ",21.6	,0.3	,1.6	,-	
Marin Pongracic,",  D(C)  ",40.1	,-	,3.2	,-	
Lorenzo Montipò,",  GK  ",27.7	,-	,7.8	,-	
Juan Bernat,",  D(L),M(CL)  ",29.8	,0.2	,0.2	,-	
Raphaël Varane,",  D(C)  ",32.1	,-	,1.7	,-	
Emerson Royal,",  D(R),M(R)  ",37	,0.3	,1.5	,-	
Kike Pérez,",  AM(C)  ",38.1	,0.5	,3.2	,0.1	
Renaud Ripart,",  D(R),M(CLR),FW  ",18	,0.1	,0.4	,-	
Gavin Bazunu,",  GK  ",34.3	,-	,8.9	,-	
Jirí Pavlenka,",  GK  ",32.5	,-	,8.6	,-	
Mario Pasalic,",  M(CLR)  ",22.6	,0.1	,0.8	,-	
Pablo Maffeo,",  D(R),M(R)  ",24.8	,0.6	,1.3	,-	
Óscar Plano,",  AM(CLR),FW  ",15.9	,0.3	,0.7	,0.1	
Crysencio Summerville,",  AM(R)  ",15.4	,0.1	,0.1	,-	
Xavier Chavalerin,",  DMC,M(L)  ",26.9	,0.5	,1.2	,0.1	
Thomas Lemar,",  AM(CLR)  ",26.6	,0.4	,1.4	,0.2	
Evan Ndicka,",  D(CL)  ",55.4	,-	,2.7	,-	
Juan Iglesias,",  D(LR),M(R)  ",23.7	,0.9	,1.5	,-	
Mikkel Desler,",  D(R)  ",43.8	,0.3	,1.3	,-	
Lukas Nmecha,",  AM(CR),FW  ",14.7	,0.1	,0.4	,-	
Tyler Adams,",  D(R),M(CR)  ",57.1	,-	,1.8	,0.1	
Désiré Doué,",  Midfielder  ",13.2	,0.4	,0.4	,-	
Sead Kolasinac,",  D(CL),DMC,M(L)  ",23.4	,-	,0.5	,-	
Hugo Guillamón,",  D(C),DMC  ",46.7	,0.9	,4.3	,-	
Jean-Charles Castelletto,",  D(C)  ",36.6	,0.2	,1.5	,-	
David Okereke,",  AM(CLR),FW  ",15.3	,0.4	,0.6	,-	
Marten de Roon,",  D(C),DMC  ",39.5	,-	,3.2	,-	
Nuno da Costa,",  AM(LR),FW  ",11.8	,0.1	,0.6	,0.1	
Bartlomiej Dragowski,",  GK  ",27.9	,-	,5.9	,-	
Saîf-Eddine Khaoui,",  AM(CR)  ",17.7	,0.4	,0.6	,0.1	
Kerem Demirbay,",  M(C)  ",34.4	,0.8	,1.4	,0.1	
Mateusz Wieteska,",  D(C)  ",48.7	,-	,2.1	,-	
Valentín Castellanos,",  AM(R),FW  ",12.6	,0.1	,0.4	,0.1	
Alberto Grassi,",  DMC  ",17.9	,-	,0.8	,-	
Samuele Ricci,",  M(C)  ",42.8	,-	,1.6	,0.1	
Harrison Reed,",  D(R),M(CR)  ",30.5	,0.5	,1	,-	
Sean Longstaff,",  DMC  ",31.5	,0.3	,1.3	,0.1	
Marco Reus,",  M(CLR),FW  ",24.1	,0.1	,0.2	,-	
Arthur Theate,",  D(C)  ",70.1	,-	,3.9	,-	
Patson Daka,",  FW  ",9.6	,0.1	,-	,0.2	
Thijs Dallinga,",  FW  ",13.5	,-	,0.2	,-	
Stephane Singo,",  M(R)  ",29.5	,0.3	,1.5	,0.1	
Jan Thielmann,",  AM(CLR),FW  ",10.4	,0.4	,0.4	,-	
Christian Eriksen,",  M(CLR),FW  ",50.3	,0.7	,2.8	,0.2	
Dimitri Payet,",  M(CLR),FW  ",18.3	,0.6	,1.1	,-	
Dwight McNeil,",  AM(CLR)  ",16.5	,0.7	,0.6	,0.1	
Tosin Adarabioyo,",  D(CR)  ",47.9	,0.1	,2.4	,-	
Hiroki Ito,",  D(C)  ",55.1	,0.4	,5.8	,-	
Geoffrey Kondogbia,",  D(C),DMC  ",39.7	,-	,1.6	,-	
Niklas Stark,",  D(C),DMC  ",41.2	,-	,3.4	,-	
Aleksey Miranchuk,",  M(CR),FW  ",24.3	,0.2	,1.1	,-	
Bobby De Cordova-Reid,",  D(R),M(CLR),FW  ",30.4	,0.6	,1	,-	
Petar Stojanovic,",  D(R),M(R)  ",37.7	,0.5	,2.4	,-	
Ansgar Knauff,",  M(LR)  ",22.5	,0.2	,0.4	,-	
Nehuén Pérez,",  D(C)  ",53.7	,0.2	,4.6	,-	
Karol Linetty,",  M(CLR)  ",32.9	,0.4	,1.2	,-	
Timo Hübers,",  D(C)  ",56.7	,-	,3.5	,-	
Henrikh Mkhitaryan,",  M(CLR),FW  ",24.9	,0.2	,1	,-	
Michele Di Gregorio,",  GK  ",32.5	,-	,5.8	,-	
Rani Khedira,",  D(C),DMC  ",30.4	,0.1	,1.4	,-	
Lucas Digne,",  D(CL),M(L)  ",40.5	,0.9	,2.1	,-	
Boubacar Kamara,",  D(CL),DMC  ",43.9	,-	,2.4	,-	
Issiaga Sylla,",  D(LR),M(L)  ",39.3	,0.2	,0.9	,-	
Alban Lafont,",  GK  ",27.3	,-	,5.8	,-	
Benjamin Henrichs,",  D(LR),DMC,M(LR)  ",38.4	,0.6	,2	,0.1	
Kevin Akpoguma,",  D(CR),M(R)  ",31.5	,0.2	,1.6	,-	
Mërgim Vojvoda,",  D(CR),M(LR)  ",26.4	,0.1	,0.8	,0.1	
Sergio Akieme,",  D(L)  ",30.9	,0.7	,1.7	,-	
Brendan Chardonnet,",  D(C)  ",47.7	,0.1	,5.8	,-	
Moussa Sissoko,",  M(CR)  ",28.8	,0.6	,1	,-	
Eljif Elmas,",  M(CLR)  ",17.6	,0.2	,0.4	,0.1	
Krépin Diatta,",  M(LR),FW  ",20.6	,0.5	,0.3	,-	
Diogo Leite,",  D(C)  ",51.8	,0.1	,5.2	,-	
Éderson,",  M(C)  ",21.8	,0.2	,1	,-	
MBala Nzola,",  FW  ",18.7	,0.1	,0.1	,-	
Jakub Kiwior,",  D(C),DMC  ",45.3	,0.4	,3.6	,-	
Kasper Schmeichel,",  GK  ",28.8	,-	,7.5	,-	
Pierre Lees-Melou,",  M(CLR)  ",42.3	,0.3	,5.4	,-	
Luiz Henrique,",  AM(LR)  ",15	,0.2	,0.3	,-	
Álex Remiro,",  GK  ",30.4	,-	,8	,-	
Yunus Musah,",  AM(CR)  ",29	,0.1	,2	,0.2	
Robin Zentner,",  GK  ",26.5	,-	,5.8	,-	
Riyad Mahrez,",  AM(CLR),FW  ",25.4	,0.8	,1.8	,0.1	
Rubén García,",  AM(CLR),FW  ",17	,1.2	,1.6	,0.2	
Andreaw Gravillon,",  D(CR)  ",32	,0.3	,2	,0.2	
Jadon Sancho,",  AM(CLR)  ",28.5	,0.1	,0.4	,0.1	
Musa Barrow,",  AM(CL),FW  ",18.6	,1.6	,1.4	,-	
Koffi Djidji,",  D(CL)  ",44.4	,0.3	,1.8	,-	
Arbër Zeneli,",  AM(LR),FW  ",21.9	,0.7	,0.5	,0.1	
Matz Sels,",  GK  ",23.4	,-	,4.9	,-	
Zakaria Aboukhlal,",  AM(LR)  ",19.7	,0.1	,0.1	,-	
Anthony Modeste,",  FW  ",7.5	,0.1	,-	,-	
Stefan Bell,",  D(CR)  ",36.5	,0.1	,3.2	,0.1	
Khéphren Thuram,",  DMC  ",38.4	,0.1	,1.5	,-	
Marcel Halstenberg,",  D(CL),M(L)  ",39.8	,0.3	,1.4	,-	
Aimar Oroz,",  AM(C)  ",23.8	,-	,0.8	,-	
Niklas Süle,",  D(CR)  ",50.6	,0.1	,3.3	,-	
Oumar Gonzalez,",  D(C)  ",35.4	,-	,1.5	,-	
Danny Ings,",  AM(C),FW  ",9.9	,-	,-	,0.1	
Marc Cucurella,",  D(CL),M(L)  ",40.3	,0.8	,1.3	,-	
Antonio Sanabria,",  FW  ",18.6	,-	,0.2	,-	
Íñigo Ruíz de Galarreta,",  DMC  ",33.4	,0.1	,2.3	,0.1	
Daniel Carvajal,",  D(R)  ",40.8	,0.3	,2.7	,-	
Josh Doig,",  D(CL),M(L)  ",12	,0.4	,0.4	,-	
Gabri Veiga,",  M(C)  ",18.2	,0.2	,0.8	,-	
Douglas Luiz,",  M(C)  ",36.4	,0.4	,1.8	,0.1	
Gary Medel,",  D(C),DMC  ",53.2	,-	,3.6	,0.1	
Marcos Acuña,",  D(CL),M(CL)  ",28.6	,1.7	,2.8	,-	
Simon Terodde,",  FW  ",12.5	,-	,0.3	,0.1	
Ruslan Malinovskyi,",  M(CR),FW  ",20.9	,0.5	,1.8	,0.1	
José Sá,",  GK  ",28.5	,-	,3.9	,-	
Dean Henderson,",  GK  ",32.8	,-	,6.3	,-	
Rico Henry,",  D(L),M(L)  ",24.9	,0.4	,0.9	,0.1	
João Moutinho,",  M(C)  ",46.5	,0.8	,2.6	,-	
David Raum,",  D(L),M(LR)  ",33.6	,1.2	,1.1	,0.1	
Martin Erlic,",  D(C)  ",41	,-	,4.6	,-	
Isco,",  M(CLR),FW  ",32.8	,0.3	,1.3	,0.1	
Paul Jaeckel,",  D(C),DMC  ",35.7	,-	,1.9	,-	
Robin Le Normand,",  D(C)  ",44	,-	,3.7	,-	
Marc Guéhi,",  D(C)  ",64.7	,-	,4.2	,-	
Jacob Ramsey,",  AM(C)  ",26.8	,-	,0.7	,-	
Vincent Marchetti,",  M(C)  ",37.4	,-	,3	,0.1	
Chidera Ejuke,",  AM(CLR),FW  ",16.5	,0.1	,0.7	,0.1	
Maxime Lopez,",  M(CR)  ",55.1	,0.2	,3.7	,0.1	
Thibaut Courtois,",  GK  ",28.1	,-	,4.3	,-	
Norbert Gyömbér,",  D(CR),DMC  ",31.5	,-	,2.2	,-	
Marco Richter,",  AM(CLR),FW  ",10.9	,0.2	,0.3	,-	
Kamaldeen Sulemana,",  AM(L)  ",10.7	,0.3	,0.4	,-	
Niko Gießelmann,",  D(CL),M(L)  ",22.1	,1.3	,1	,-	
Callum Hudson-Odoi,",  M(CLR)  ",20.1	,0.4	,1	,0.1	
Jarrod Bowen,",  AM(CLR),FW  ",20.8	,0.7	,1.1	,-	
Donyell Malen,",  AM(L),FW  ",19.9	,1.2	,0.4	,-	
Micky van de Ven,",  D(C)  ",50	,0.1	,3.1	,-	
Abdelhamid Sabiri,",  AM(CL),FW  ",29.7	,0.7	,1.9	,0.2	
Stéphane Diarra,",  AM(R)  ",11.3	,0.1	,0.1	,-	
Melvin Bard,",  D(L)  ",34.5	,0.2	,1	,-	
Antonee Robinson,",  D(L),M(L)  ",36.8	,0.8	,1.6	,-	
Lewis Cook,",  M(CL)  ",32.4	,0.9	,1.1	,-	
David Silva,",  M(CLR),FW  ",37.9	,0.3	,1.4	,0.2	
Andrea Cambiaso,",  D(R),M(L)  ",31.9	,0.5	,1.2	,-	
Birama Touré,",  DMC  ",42.6	,-	,3.9	,-	
Andrej Kramaric,",  AM(CLR),FW  ",28.7	,0.3	,1.3	,-	
Cengiz Ünder,",  AM(CLR)  ",14.9	,0.7	,0.9	,0.1	
Joe Rodon,",  D(C)  ",67	,-	,1.9	,-	
Monchu,",  DMC  ",22.4	,1	,2.2	,0.1	
Jorginho,",  DMC  ",46.8	,-	,1.6	,-	
John McGinn,",  M(C)  ",29.8	,0.3	,2.3	,-	
Igor Zubeldia,",  D(C),DMC  ",40.7	,0.2	,2.4	,-	
Santiago Ascacíbar,",  DMC  ",33.8	,0.3	,1.9	,-	
Dani Rodríguez,",  AM(CLR)  ",16.6	,0.2	,1.2	,0.2	
Jonathan Ikoné,",  AM(CLR),FW  ",17.5	,-	,1	,-	
Maximilian Kilman,",  D(C)  ",59.1	,-	,2.9	,-	
Juan Musso,",  GK  ",24.2	,-	,7.2	,-	
Joel Ward,",  D(CLR),DMC,M(R)  ",37.7	,-	,1.4	,-	
Pierre Kalulu,",  D(CR)  ",41.1	,0.1	,2.6	,0.1	
Tiago Tomás,",  AM(CR),FW  ",12	,0.5	,0.2	,0.2	
Rayan Cherki,",  AM(R)  ",12.6	,0.8	,0.5	,-	
Joris Chotard,",  DMC  ",32.3	,0.1	,2.2	,0.2	
Moise Kean,",  AM(LR),FW  ",7.3	,0.1	,-	,0.1	
Julian Weigl,",  D(C),DMC  ",48.3	,-	,1.9	,0.2	
Anthony Lopes,",  GK  ",23.5	,-	,3.8	,-	
Jonny,",  D(CLR),M(LR)  ",47.3	,0.3	,1.8	,0.1	
José Fonte,",  D(C)  ",62.9	,-	,3.9	,-	
Pathé Ciss,",  DMC  ",27.2	,-	,2.2	,-	
Unai García,",  D(C)  ",39.1	,0.1	,3.9	,-	
Moussa Djenepo,",  M(LR)  ",17.1	,0.3	,0.5	,-	
Pervis Estupiñán,",  D(L)  ",29.5	,0.8	,0.7	,-	
Amos Pieper,",  D(C)  ",45.4	,0.1	,3.4	,-	
Jordan Lotomba,",  D(LR),M(R)  ",30.8	,0.5	,0.4	,0.1	
Rodrigo Ely,",  D(C)  ",41.4	,-	,2.9	,-	
Iván Balliu,",  D(R),M(R)  ",43.6	,0.7	,1.9	,-	
Sandi Lovric,",  AM(C)  ",23.1	,0.1	,1.5	,0.1	
Christopher Trimmel,",  D(CR),M(R)  ",24.5	,1	,1.3	,-	
Maxime Le Marchand,",  D(CL)  ",47.1	,0.3	,3.3	,-	
Danny Ward,",  GK  ",31.1	,-	,4	,-	
Óscar Gil,",  D(R)  ",24.9	,0.5	,1.1	,0.1	
David Alaba,",  D(CL),M(CL)  ",49.4	,0.2	,0.9	,0.1	
Naouirou Ahamada,",  M(C)  ",29.7	,0.1	,0.5	,-	
Noah Fadiga,",  D(R)  ",30.8	,0.3	,1.1	,-	
Amine Harit,",  AM(CLR),FW  ",25	,0.5	,0.6	,0.2	
Aitor Ruibal,",  D(R),M(LR)  ",18.8	,0.2	,1.2	,-	
Tyrone Mings,",  D(CL)  ",45.2	,0.1	,3	,-	
David de Gea,",  GK  ",27.4	,-	,4.9	,-	
Ronaël Pierre-Gabriel,",  D(CLR),M(R)  ",20.7	,0.3	,0.5	,-	
Conor Coady,",  D(CR),DMC  ",50.9	,0.1	,4.9	,0.1	
Yassine Bounou,",  GK  ",29.2	,-	,5.4	,-	
Scott McTominay,",  D(C),DMC  ",19.3	,-	,0.9	,0.1	
Julián Álvarez,",  AM(R),FW  ",9.5	,0.1	,0.4	,0.1	
Alessandro Bastoni,",  D(C)  ",49.8	,0.2	,4.1	,-	
Omar Marmoush,",  AM(L),FW  ",13.2	,0.1	,0.4	,-	
Kiliann Sildillia,",  D(R)  ",37.3	,0.3	,1.4	,-	
Colin Dagba,",  D(R),M(R)  ",22.3	,0.7	,0.3	,-	
Rodrigo De Paul,",  AM(CLR),FW  ",35.4	,0.6	,3.4	,0.1	
Jonathan Tah,",  D(C)  ",52.5	,-	,1.7	,-	
Matías Vecino,",  M(C)  ",29.9	,-	,1	,-	
Lilian Brassier,",  D(CL)  ",43	,0.5	,3.6	,0.1	
Matteo Darmian,",  D(CLR),M(LR)  ",20.5	,0.4	,1	,-	
Jeffrey Schlupp,",  D(L),M(CLR)  ",31.1	,-	,0.9	,-	
Kristijan Jakic,",  D(CR),DMC  ",40.4	,0.1	,1.4	,0.1	
Lucas Chevalier,",  GK  ",25.2	,-	,3.7	,-	
Maxime Gonalons,",  D(C),M(C)  ",33.6	,-	,2	,-	
Mohamed Youssouf,",  D(R)  ",34.5	,1	,1.7	,-	
Conor Gallagher,",  AM(C)  ",21	,0.6	,0.3	,-	
Serhou Guirassy,",  AM(L),FW  ",20.6	,-	,0.4	,-	
Marvin Friedrich,",  D(C)  ",52.2	,-	,2.1	,-	
Lovro Majer,",  AM(CR)  ",23.9	,0.5	,1	,-	
Davinson Sánchez,",  D(C)  ",36.1	,0.1	,0.6	,-	
Julien Ponceau,",  AM(C)  ",30.3	,-	,1.1	,0.1	
Ruben Loftus-Cheek,",  M(CLR)  ",36.8	,0.1	,1.1	,0.1	
Ryan Yates,",  DMC  ",27.5	,-	,1.3	,-	
Josh Dasilva,",  M(C)  ",20.7	,0.2	,0.7	,0.1	
Luis Muriel,",  AM(CL),FW  ",18.9	,0.6	,1.3	,0.2	
Salih Özcan,",  M(C)  ",47.8	,0.1	,2.8	,-	
Krzysztof Piatek,",  FW  ",14.8	,0.1	,0.5	,-	
Jordan Ferri,",  M(C)  ",56.5	,0.3	,4.7	,0.2	
Joan Gonzàlez,",  M(C)  ",22.2	,0.1	,0.9	,0.1	
Kamory Doumbia,",  AM(C)  ",20.3	,-	,0.6	,-	
kiko Femenia,",  D(LR),M(R)  ",40.6	,0.4	,1	,-	
Luis Sinisterra,",  AM(LR),FW  ",21	,0.1	,0.6	,0.1	
Sergio Canales,",  M(CLR)  ",41.9	,1.4	,2.4	,0.2	
Luca Caldirola,",  D(CL)  ",54.1	,-	,2.6	,-	
Emiliano Buendía,",  M(CLR)  ",23.2	,0.1	,1.6	,0.1	
Jordan Henderson,",  D(C),M(CLR)  ",43.4	,0.2	,2.8	,0.3	
Philipp Förster,",  M(CLR),FW  ",18.6	,0.7	,0.9	,-	
Tomás Rincón,",  M(CR)  ",38.1	,0.3	,1.9	,0.1	
Andrea Colpani,",  Midfielder  ",14.2	,-	,0.5	,0.1	
Renato Sanches,",  M(CR)  ",27.8	,0.1	,1.5	,-	
Antonino Gallo,",  D(L)  ",30.1	,0.8	,2.6	,-	
Adrien Hunou,",  AM(CLR),FW  ",23.6	,0.1	,0.5	,0.1	
Eduardo Camavinga,",  DMC  ",24.5	,0.1	,0.8	,0.1	
Marco Bizot,",  GK  ",22.4	,-	,4.9	,-	
Jens Cajuste,",  DMC  ",20.8	,-	,0.9	,0.1	
Richarlison,",  AM(CLR),FW  ",13	,0.3	,0.6	,0.2	
Christoph Kramer,",  M(C)  ",46.2	,0.1	,0.7	,-	
Carles Aleñá,",  AM(CLR)  ",32.4	,0.2	,2	,0.1	
Leonardo Bittencourt,",  M(CLR),FW  ",25.4	,0.1	,1	,-	
Anthony Losilla,",  D(C),DMC  ",33.1	,0.1	,1.3	,-	
Jefferson Lerma,",  D(R),DMC  ",43.3	,-	,1.3	,0.1	
Ignatius Ganago,",  AM(LR),FW  ",9.7	,0.1	,0.3	,-	
Joël Veltman,",  D(CR),M(R)  ",43.3	,0.2	,1.8	,0.1	
Ryan Christie,",  AM(CLR),FW  ",17.1	,0.1	,0.4	,-	
Edmond Tapsoba,",  D(C)  ",66.3	,-	,4.5	,0.1	
Cédric Brunner,",  D(CR)  ",31.2	,0.8	,1.8	,-	
Assan Ceesay,",  FW  ",11.4	,0.1	,0.3	,-	
Manu Sánchez,",  D(L)  ",16.3	,0.6	,0.6	,-	
Samuel Gigot,",  D(C)  ",41.3	,-	,1.3	,-	
Marcus Ingvartsen,",  AM(CR),FW  ",12.3	,-	,0.2	,-	
Ben Chilwell,",  D(L),M(L)  ",27.2	,0.2	,0.6	,-	
Ryan Sessegnon,",  D(L),M(LR)  ",20	,0.3	,0.4	,0.1	
Elbasan Rashani,",  AM(LR)  ",18.8	,0.1	,0.2	,-	
Joe Scally,",  D(R),M(R)  ",35	,0.5	,1.3	,-	
Valentin Gendrey,",  D(R)  ",28.1	,0.1	,0.7	,-	
Yangel Herrera,",  M(C)  ",22.8	,0.3	,0.9	,0.1	
Charles De Ketelaere,",  M(CLR),FW  ",13.5	,-	,0.3	,0.2	
Francesco Acerbi,",  D(C)  ",53.9	,-	,3.9	,-	
Rogerio,",  D(L),M(L)  ",47.4	,0.9	,4.1	,-	
Ivan Ordets,",  D(C)  ",31	,-	,2	,-	
Giacomo Raspadori,",  AM(CL),FW  ",24.2	,0.2	,0.9	,-	
Dylan Bronn,",  D(C)  ",39.5	,0.1	,2.3	,-	
Vanja Milinkovic-Savic,",  GK  ",40.3	,-	,8.1	,-	
Alessandro Buongiorno,",  D(C)  ",36.8	,0.1	,1.1	,-	
Danilo Soares,",  D(L),M(L)  ",34.6	,-	,2.4	,-	
Jan Oblak,",  GK  ",22.3	,-	,3.6	,-	
Aaron Hickey,",  D(LR),M(LR)  ",27.7	,0.1	,0.6	,-	
Yohann Magnin,",  DMC  ",33.7	,0.1	,2.1	,0.1	
Sergio León,",  FW  ",6.5	,0.1	,0.4	,-	
Evann Guessand,",  AM(R),FW  ",10.4	,0.1	,0.4	,-	
Pere Milla,",  AM(CL),FW  ",22.2	,0.1	,1	,0.2	
Kevin Behrens,",  FW  ",10.1	,-	,0.1	,-	
Édouard Mendy,",  GK  ",25.1	,-	,4.7	,-	
Giorgio Scalvini,",  D(C)  ",29.5	,0.2	,2.6	,-	
Luka Lochoshvili,",  D(C)  ",35.6	,0.1	,1.1	,-	
Joseph Aidoo,",  D(C)  ",52.1	,-	,2.4	,-	
Jean-Clair Todibo,",  D(C)  ",60.5	,-	,3	,-	
José Ángel Carmona,",  D(C)  ",25.7	,0.3	,0.7	,-	
Mohamed Elyounoussi,",  AM(CLR),FW  ",19.7	,0.4	,0.7	,0.2	
Kieffer Moore,",  FW  ",14.9	,0.1	,0.1	,-	
Marco Asensio,",  AM(CLR),FW  ",9.6	,0.3	,0.4	,0.1	
Patrick Ciurria,",  M(R)  ",26.1	,0.7	,0.9	,-	
Divock Origi,",  AM(LR),FW  ",7.9	,-	,0.2	,-	
Gerrit Holtmann,",  D(L),M(LR)  ",12.8	,0.3	,0.1	,-	
Samuel Chukwueze,",  AM(CR)  ",14.1	,0.3	,0.5	,-	
Nathan Collins,",  D(CR)  ",52.5	,-	,3.8	,-	
Adam Lallana,",  M(CLR)  ",18.9	,0.2	,0.1	,-	
Sebastiaan Bornauw,",  D(C)  ",35.7	,-	,1.9	,-	
Sam Lammers,",  FW  ",16.1	,-	,0.1	,-	
Giovanni Reyna,",  AM(CLR)  ",12.8	,0.5	,0.2	,-	
Alexander Hack,",  D(C)  ",37.9	,-	,4.7	,-	
Leandro Cabrera,",  D(CL)  ",44	,-	,3.4	,-	
Ángel Correa,",  AM(CLR),FW  ",14.2	,0.3	,0.3	,-	
Brecht Dejaegere,",  AM(C)  ",21.3	,-	,0.7	,0.1	
Neeskens Kebano,",  AM(CLR)  ",14	,0.3	,0.1	,-	
Adam Webster,",  D(C)  ",66	,0.1	,4.1	,-	
André Gomes,",  M(CLR)  ",43.7	,0.1	,1.6	,-	
Alex Telles,",  D(L),M(L)  ",23.7	,1.3	,0.7	,-	
Nicolas Jackson,",  FW  ",10.2	,0.1	,0.2	,-	
Jeff Reine-Adélaïde,",  AM(CLR),FW  ",26.2	,0.2	,0.5	,0.1	
Tobias Mohr,",  D(L),M(CL)  ",26.7	,1	,3.2	,0.1	
Jeremy Toljan,",  D(LR),M(LR)  ",41.1	,0.3	,2.1	,0.1	
Ferran Torres,",  AM(LR),FW  ",16.3	,0.1	,0.6	,-	
Jonny Evans,",  D(CL)  ",74.4	,-	,4.3	,-	
Benoît Costil,",  GK  ",27.1	,-	,8.4	,-	
Unai Simón,",  GK  ",24.9	,-	,4.5	,-	
Rayan Aït-Nouri,",  D(L),M(L)  ",29.4	,0.5	,0.6	,-	
Toni Lato,",  D(L)  ",19.9	,0.6	,0.9	,-	
Charalampos Lykogiannis,",  D(CL),M(L)  ",20.3	,0.7	,1.1	,-	
Thierno Baldé,",  D(R)  ",25.3	,0.2	,0.3	,-	
Dany Mota,",  FW  ",16.5	,0.2	,0.3	,-	
Jonathan Burkardt,",  AM(CR),FW  ",8.7	,0.2	,0.3	,0.1	
Yoane Wissa,",  AM(L),FW  ",8.7	,-	,0.3	,-	
Anthony Caci,",  D(CLR),M(L)  ",28.7	,0.6	,3.4	,-	
Nico González,",  DMC  ",30.5	,-	,1.3	,-	
Duván Zapata,",  FW  ",15.4	,-	,0.2	,-	
Cheikhou Kouyaté,",  D(CR),DMC  ",17.1	,-	,0.9	,-	
Josuha Guilavogui,",  D(C),M(C)  ",20.6	,-	,1.8	,-	
Tonny Vilhena,",  D(L),M(CL)  ",26.3	,0.5	,0.7	,-	
Antonio Rüdiger,",  D(CR)  ",40.5	,-	,1.8	,0.1	
Filip Djuricic,",  AM(CLR),FW  ",22.9	,0.6	,0.9	,-	
Nacho Vidal,",  D(R)  ",25.7	,0.2	,1.3	,0.1	
Alexis Blin,",  DMC  ",22.9	,0.1	,0.6	,-	
Gerson,",  M(CLR)  ",17.6	,-	,0.3	,-	
Lassine Sinayoko,",  AM(R)  ",20.9	,0.2	,0.6	,0.1	
Haris Belkebla,",  DMC  ",38.3	,0.1	,1.5	,-	
Unai Núñez,",  D(C)  ",57.2	,-	,4.1	,-	
Francis Coquelin,",  M(CLR)  ",17.9	,0.1	,0.6	,0.1	
Pedro Chirivella,",  DMC  ",58.6	,0.1	,5.4	,0.1	
Gabriel Paulista,",  D(CR)  ",38.2	,-	,2.9	,-	
Konstantinos Tsimikas,",  D(L)  ",20.7	,1.1	,0.4	,-	
Takehiro Tomiyasu,",  D(CLR)  ",21.9	,0.2	,1	,-	
Souleyman Doumbia,",  D(L),M(L)  ",31.6	,0.5	,0.9	,-	
Stole Dimitrievski,",  GK  ",24	,-	,3.9	,-	
Emanuele Valeri,",  M(L)  ",18.9	,0.9	,0.9	,-	
Rubén Sobrino,",  AM(CLR),FW  ",16.5	,-	,0.2	,-	
Wilson Odobert,",  Forward  ",12.1	,0.2	,0.2	,-	
Nemanja Radonjic,",  M(CLR)  ",13.5	,0.6	,0.4	,0.1	
Yan Couto,",  D(R),M(R)  ",25.8	,0.4	,1	,-	
Agustín Marchesín,",  GK  ",28.6	,-	,6	,-	
Arkadiusz Reca,",  D(L),M(L)  ",26.9	,1	,1.5	,-	
Arnaud Nordin,",  AM(CLR),FW  ",14.7	,0.4	,0.5	,-	
Eric Martel,",  DMC  ",29.7	,0.2	,0.6	,-	
Leonardo Spinazzola,",  D(LR),M(L)  ",28.4	,0.5	,1.8	,0.1	
Pape Gueye,",  DMC  ",24.7	,0.1	,1.2	,-	
Stephan El Shaarawy,",  M(CLR),FW  ",16	,-	,0.9	,-	
Matheus Nunes,",  AM(C)  ",25.7	,0.1	,1.8	,-	
Renato Tapia,",  D(C),DMC  ",32.5	,0.1	,3	,-	
Fernando Calero,",  D(C)  ",33.7	,-	,2.6	,-	
Hugo Magnetti,",  DMC  ",24.3	,0.3	,2.3	,-	
Thomas Ouwejan,",  D(L),M(L)  ",26.5	,2.4	,1.3	,-	
Mathias Pereira Lage,",  M(CLR)  ",18.4	,0.1	,0.9	,-	
Adam Hlozek,",  AM(CL),FW  ",10.6	,0.4	,0.3	,0.1	
Sebastiano Luperto,",  D(C)  ",38.7	,0.1	,2.2	,0.1	
﻿András Schäfer,",  M(C)  ",18.8	,0.1	,0.2	,0.1	
Ezri Konsa,",  D(CR)  ",43.6	,0.1	,1.9	,0.1	
Mathías Olivera,",  D(L),M(L)  ",25.2	,0.2	,0.8	,-	
Joe Worrall,",  D(C)  ",38.7	,-	,2.5	,-	
Matty Cash,",  D(R),M(CLR)  ",31.5	,0.7	,1.3	,0.1	
Daniel Podence,",  AM(CLR),FW  ",22.7	,0.5	,1	,-	
Pablo Fornals,",  M(CLR)  ",25.6	,0.3	,1.9	,0.1	
Martín Satriano,",  FW  ",13	,0.1	,0.2	,-	
Robin Koch,",  D(C),DMC  ",50.6	,-	,2.6	,-	
Lewis Dunk,",  D(C)  ",68.6	,-	,5.1	,-	
Christian Groß,",  D(C),DMC  ",30.9	,0.1	,0.9	,0.1	
Razvan Marin,",  M(C)  ",36.5	,0.5	,2.5	,-	
Piero Hincapié,",  D(CL)  ",51.2	,0.2	,1.5	,0.1	
Adam Smith,",  D(LR),M(LR)  ",32.1	,0.6	,2	,-	
Clerc,",  D(L),M(L)  ",34.4	,0.3	,0.9	,-	
Andrea Pinamonti,",  FW  ",16	,0.1	,0.1	,0.1	
Robert Sánchez,",  GK  ",29.5	,-	,4.3	,-	
Lukás Hrádecky,",  GK  ",29.4	,-	,5.6	,-	
Brandon Soppy,",  D(R),M(LR)  ",18.4	,0.2	,0.5	,-	
Yan Valery,",  D(CR),M(R)  ",24.4	,0.2	,1.3	,-	
Rubén Peña,",  D(R),M(LR)  ",17.8	,0.5	,1	,-	
Lucas Perrin,",  D(C)  ",30.8	,0.1	,2.2	,-	
Gianluca Scamacca,",  FW  ",11.3	,0.1	,0.8	,-	
Roberto Soriano,",  AM(CLR)  ",17.7	,0.1	,0.6	,0.3	
Hugo Ekitike,",  FW  ",9.7	,-	,0.2	,-	
Kevin Vogt,",  D(CR),M(C)  ",60.5	,-	,5.4	,-	
Miguel Gutiérrez,",  D(L)  ",28.8	,0.8	,0.8	,0.1	
Antonio Candreva,",  M(CLR)  ",36.8	,1.1	,2.7	,0.1	
Takumi Minamino,",  AM(CLR),FW  ",10.4	,0.4	,0.2	,-	
Miha Blazic,",  D(C)  ",54.6	,-	,3.8	,-	
Linton Maina,",  M(CLR),FW  ",13.1	,0.6	,0.1	,-	
Luka Jovic,",  FW  ",9.9	,-	,0.6	,-	
Matt Targett,",  D(L),M(L)  ",22.4	,0.5	,0.8	,-	
Kevin Agudelo,",  AM(CR),FW  ",19.4	,0.3	,0.7	,0.1	
James Milner,",  D(LR),M(CLR)  ",24	,0.7	,1.7	,0.1	
Dimitri Liénard,",  D(L),M(CL)  ",29.5	,1.2	,2.4	,-	
Lucas Olaza,",  D(L),M(L)  ",28.6	,0.8	,1.8	,-	
Valentino Lazaro,",  D(R),M(CLR)  ",32.5	,1.2	,1.1	,-	
Luca Zanimacchia,",  AM(C)  ",19.5	,1.1	,0.4	,-	
Ante Budimir,",  FW  ",7.8	,-	,-	,-	
Sergio Herrera,",  GK  ",32.7	,-	,10.4	,-	
Maximilian Bauer,",  D(C)  ",29.3	,-	,2.6	,-	
Martin Braithwaite,",  AM(CLR),FW  ",12.9	,-	,0.4	,-	
Álex Fernández,",  M(CL),FW  ",23.7	,0.3	,0.8	,-	
Federico Ceccherini,",  D(C)  ",29.9	,-	,2	,-	
Tyrick Mitchell,",  D(L)  ",32.9	,0.1	,1.2	,-	
Adama Traoré,",  M(CLR),FW  ",14.3	,0.9	,0.3	,-	
Cristian Buonaiuto,",  Midfielder  ",14.2	,0.6	,0.4	,-	
Álvaro Aguado,",  M(C)  ",31.3	,0.3	,3.5	,0.2	
Alexander Schwolow,",  GK  ",32.7	,-	,9.5	,-	
Isak Hien,",  D(C)  ",31	,0.1	,1.5	,-	
Jakub Kaminski,",  M(LR)  ",14.8	,0.2	,0.2	,-	
Jean-Victor Makengo,",  AM(CL)  ",20.8	,0.1	,0.3	,-	
Alejandro Pozo,",  D(R),M(R)  ",26.8	,0.7	,2.1	,-	
Arthur Cabral,",  FW  ",7.8	,-	,0.3	,-	
Erik Lamela,",  AM(CLR),FW  ",29.2	,0.3	,0.8	,-	
Cristhian Stuani,",  AM(CLR),FW  ",5.8	,0.1	,0.3	,-	
Iván Sánchez,",  AM(CR)  ",21.5	,0.5	,1.3	,-	
Yoann Salmier,",  D(C)  ",42.6	,-	,2.7	,-	
Chris Mepham,",  D(C)  ",41	,-	,1.9	,-	
Pietro Terracciano,",  GK  ",29.8	,-	,7.1	,-	
Fábio Carvalho,",  AM(CL)  ",11.9	,0.1	,0.2	,-	
Marius Bülter,",  D(R),M(CLR),FW  ",20.2	,0.7	,0.5	,0.1	
Mads Pedersen,",  D(L),M(CL)  ",14.8	,0.5	,0.7	,-	
Mattias Svanberg,",  M(CL)  ",11.1	,0.3	,0.3	,-	
Darko Brasanac,",  M(CR)  ",13.9	,0.1	,0.3	,-	
Milan Skriniar,",  D(C)  ",67	,-	,2.7	,-	
Nahuel Molina,",  D(R),M(R)  ",42.3	,0.6	,2.3	,0.1	
Théo Le Bris,",  Defender  ",21.3	,0.1	,0.4	,-	
Benno Schmitz,",  D(CLR)  ",30.5	,0.9	,1.8	,-	
Romano Schmid,",  AM(CL)  ",31.5	,0.1	,1.3	,0.1	
Jérémie Bela,",  M(LR)  ",13.4	,0.2	,0.1	,-	
Srdjan Babic,",  D(C)  ",42.7	,0.1	,2.8	,-	
Omar Colley,",  D(C)  ",46.2	,-	,2.7	,-	
Jean-Kévin Duverne,",  D(CLR)  ",36.9	,0.2	,3.1	,-	
Gaetan Perrin,",  Forward  ",9.9	,-	,0.5	,-	
Fredrik Jensen,",  AM(C),FW  ",15.8	,0.5	,1.2	,-	
Jean-Eudes Aholou,",  DMC  ",18.8	,-	,0.8	,0.3	
Matheus Cunha,",  AM(CL),FW  ",7.2	,0.1	,0.2	,0.1	
Dodô,",  D(R)  ",43.8	,0.1	,1.8	,-	
Aihen Muñoz,",  D(L)  ",32.4	,0.6	,0.8	,-	
Erik Palmer-Brown,",  D(C)  ",35.3	,0.1	,1.9	,-	
Álvaro Negredo,",  FW  ",10	,-	,0.5	,0.1	
Bafodé Diakité,",  D(CR)  ",47.4	,0.1	,1.8	,-	
Fabio Depaoli,",  D(R),DMC,M(LR)  ",16.2	,0.6	,1	,-	
Carlos Gruezo,",  DMC  ",21	,-	,2.3	,0.1	
Vladimír Coufal,",  D(R),M(R)  ",29.3	,0.6	,1.4	,-	
Marcos Senesi,",  D(C)  ",35.9	,0.1	,2.9	,-	
Charles Aránguiz,",  M(C)  ",29.7	,-	,1	,-	
Unai López,",  M(CR)  ",31.1	,0.5	,3.6	,-	
Bartosz Bereszynski,",  D(CLR),M(R)  ",32.7	,0.2	,1.1	,-	
Christopher Antwi-Adjei,",  AM(CLR)  ",9.1	,0.5	,0.4	,-	
Moussa Dembele,",  FW  ",9.9	,-	,-	,-	
Jørgen Strand Larsen,",  FW  ",12.1	,-	,0.3	,-	
Elseid Hysaj,",  D(LR),M(R)  ",20.4	,0.1	,0.5	,0.1	
Mickaël Alphonse,",  D(R)  ",23.6	,0.3	,1.3	,-	
Cyrille Bayala,",  AM(R)  ",15.4	,0.1	,0.4	,-	
Alfonso Espino,",  D(L)  ",29.1	,0.3	,1.1	,-	
Emil Forsberg,",  AM(CLR),FW  ",18.8	,-	,0.6	,-	
Ludovic Ajorque,",  FW  ",17.6	,-	,0.4	,-	
Jordan Zemura,",  D(L)  ",22.5	,0.3	,0.6	,-	
Stefan Mitrovic,",  D(C)  ",26.8	,-	,2.2	,-	
Thomas Mangani,",  M(C)  ",26.8	,0.9	,2.8	,0.1	
Lameck Banda,",  AM(L)  ",12.2	,0.1	,0.1	,-	
Bevic Moussiti-Oko,",  FW  ",7.9	,-	,-	,-	
Nadiem Amiri,",  M(CLR)  ",17.9	,-	,0.6	,-	
Jon Pacheco,",  D(C)  ",55.1	,-	,2	,-	
Kristian Thorstvedt,",  M(C)  ",19.6	,0.1	,0.5	,-	
Samuele Birindelli,",  M(R)  ",20.3	,1.2	,0.6	,-	
Tyrell Malacia,",  D(L)  ",23.8	,0.2	,0.6	,-	
Karim Adeyemi,",  AM(R),FW  ",15.2	,-	,0.4	,-	
Silvan Widmer,",  D(CR),M(R)  ",27.8	,0.1	,1.2	,-	
Andrea Consigli,",  GK  ",41	,-	,9.8	,-	
Nicola Zalewski,",  M(L)  ",24.4	,0.4	,1.9	,0.1	
Amine Salama,",  FW  ",9.5	,-	,0.1	,-	
Ivan Sunjic,",  DMC  ",24.1	,-	,1.2	,0.1	
Rafa Mir,",  FW  ",9.3	,-	,0.1	,-	
Darko Lazovic,",  M(CLR)  ",22.6	,0.9	,1.1	,0.2	
Joakim Maehle,",  D(LR),M(LR)  ",28.5	,0.2	,0.8	,0.1	
Gian Marco Ferrari,",  D(C)  ",48.8	,-	,4.6	,-	
Adrien Thomasson,",  M(CLR)  ",32.7	,0.2	,1	,0.1	
Rick Karsdorp,",  D(R),M(R)  ",23.9	,0.1	,1.3	,0.2	
Mitchell van Bergen,",  AM(LR),FW  ",7.6	,0.5	,0.1	,-	
Mateo Kovacic,",  M(CL)  ",43.8	,0.1	,1.6	,0.1	
Thomas Henry,",  FW  ",14.1	,-	,0.3	,0.1	
Cristiano Ronaldo,",  M(L),FW  ",15.8	,-	,0.1	,-	
Joaquín Correa,",  AM(CL),FW  ",6.8	,-	,0.3	,0.2	
Victor Chust,",  D(C)  ",35.5	,-	,5.1	,-	
Matheus Henrique,",  M(C)  ",27.9	,-	,1.3	,-	
Sanjin Prcic,",  M(C)  ",39.2	,0.4	,4.2	,0.2	
Rubén Vargas,",  AM(CLR),FW  ",11.5	,0.1	,0.3	,-	
Rodrigo Riquelme,",  AM(C)  ",15.2	,0.2	,0.4	,-	
Jérémy Le Douaron,",  AM(L),FW  ",8	,0.1	,-	,-	
Charles Pickel,",  M(C)  ",27.9	,-	,0.9	,-	
Nemanja Maksimovic,",  M(C)  ",15.8	,0.1	,0.3	,-	
Marlon Santos,",  D(C)  ",48.8	,0.3	,1.9	,-	
Sofyan Amrabat,",  DMC  ",44.2	,0.4	,4.8	,-	
Michail Antonio,",  D(R),M(CLR),FW  ",7.6	,0.1	,0.1	,-	
Miguel Veloso,",  M(C)  ",26.6	,1	,2.3	,0.1	
Gonçalo Guedes,",  AM(CLR),FW  ",14.1	,0.6	,0.7	,-	
Leandro Paredes,",  DMC  ",28.7	,0.4	,2.1	,-	
Thomas Delaine,",  D(L),M(LR)  ",22.9	,0.7	,0.3	,-	
Elvis Rexhbecaj,",  M(C)  ",25.4	,0.1	,0.9	,-	
Íñigo Eguaras,",  M(C)  ",25.9	,0.1	,1.8	,0.3	
Rodri,",  AM(LR)  ",29.2	,0.2	,0.8	,-	
Joseba Zaldua,",  D(R)  ",21.4	,0.3	,1.1	,-	
Lee Buchanan,",  D(L),M(L)  ",9.9	,0.1	,0.9	,-	
Sergi Gómez,",  D(CR)  ",40.6	,0.1	,3.4	,-	
Thilo Kehrer,",  D(CLR),M(R)  ",47.3	,0.1	,2	,-	
Alexis Claude-Maurice,",  AM(CL)  ",9.9	,0.1	,0.1	,-	
Fred,",  M(C)  ",22.8	,0.1	,0.7	,0.1	
Daniel-Kofi Kyereh,",  AM(CLR),FW  ",15	,-	,0.2	,-	
Josko Gvardiol,",  D(CL)  ",55	,0.1	,3.3	,-	
Nicolò Cambiaghi,",  Forward  ",9	,-	,0.3	,-	
Riccardo Saponara,",  AM(CL)  ",14.6	,0.3	,0.3	,0.1	
Gianluca Caprari,",  AM(CLR),FW  ",26.5	,0.5	,0.7	,-	
Philippe Coutinho,",  M(CLR)  ",22.3	,0.2	,0.4	,-	
Falaye Sacko,",  D(CR),M(R)  ",29.6	,0.4	,0.8	,-	
Jeison Murillo,",  D(C)  ",37.4	,-	,2.4	,-	
Alex Ferrari,",  D(CR)  ",37.5	,-	,2.5	,-	
Lucas Boyé,",  AM(L),FW  ",15.1	,0.4	,0.8	,0.1	
Tommaso Pobega,",  M(C)  ",19.8	,-	,1	,-	
Steve Cook,",  D(C)  ",37.9	,0.1	,2.7	,-	
Clément Vidal,",  D(C)  ",34	,0.1	,3.1	,-	
Enzo Tchato Mbiayi,",  D(R)  ",19.6	,0.6	,0.6	,-	
Grejohn Kyei,",  FW  ",8.7	,0.1	,0.4	,-	
Mathieu Coutadeur,",  M(C)  ",45.3	,0.1	,3.4	,-	
Ilia Gruev,",  DMC  ",26.3	,0.3	,1.1	,-	
Kevin Trapp,",  GK  ",21.5	,-	,3.6	,-	
Cristian Gamboa,",  D(R),M(R)  ",30.1	,0.7	,3.7	,-	
Nicolas Haas,",  M(C)  ",19.2	,-	,0.6	,-	
Mahdi Camara,",  D(CR),DMC  ",24.6	,-	,0.6	,-	
Romain Hamouma,",  M(CLR),FW  ",16.9	,0.9	,0.5	,-	
Mehdi Léris,",  M(CLR)  ",22.4	,0.1	,1.1	,-	
Isaac Success,",  AM(LR),FW  ",16.4	,-	,0.4	,-	
Leandro Barreiro,",  DMC  ",12.2	,0.1	,0.3	,-	
Juan Cruz,",  D(CL)  ",27.4	,0.7	,0.7	,-	
Largie Ramazani,",  FW  ",11.3	,0.1	,0.6	,0.1	
Martin Hongla,",  D(C),DMC  ",22.6	,0.1	,1.3	,-	
Aritz Elustondo,",  D(CR)  ",31.7	,0.2	,1.6	,-	
Lewis O'Brien,",  D(L),M(CL)  ",17.5	,-	,0.2	,-	
Stanley Nsoki,",  D(CL)  ",45.2	,-	,2	,-	
Raúl García,",  M(CLR),FW  ",8.5	,0.1	,0.3	,0.1	
Adam Armstrong,",  AM(CLR),FW  ",14.6	,0.1	,0.5	,-	
Jamie Vardy,",  AM(L),FW  ",7.2	,-	,0.1	,-	
Gauthier Gallon,",  GK  ",24.1	,-	,3.3	,-	
Jean-Paul Boëtius,",  AM(CL),FW  ",20.1	,0.1	,1.3	,-	
Arnaud Souquet,",  D(CR),M(R)  ",10.3	,0.1	,0.4	,0.1	
Remo Freuler,",  DMC  ",32.5	,0.1	,1.2	,-	
Kike García,",  FW  ",6.1	,-	,-	,-	
Pedro Bigas,",  D(CL)  ",38.3	,0.1	,2.5	,-	
Adama Soumaoro,",  D(CR)  ",34.1	,-	,1	,-	
Denis Huseinbasic,",  Midfielder  ",14.8	,-	,0.4	,-	
Mattia Caldara,",  D(C)  ",31.3	,-	,1.2	,-	
Fabio Miretti,",  AM(C)  ",19.8	,0.4	,0.5	,-	
Antonín Barak,",  AM(CR)  ",23.7	,-	,1	,-	
Tolgay Arslan,",  M(C)  ",16.4	,-	,1.4	,-	
Riad Nouri,",  Midfielder  ",17.3	,1.2	,0.5	,-	
Samú Costa,",  M(C)  ",32.1	,-	,3	,-	
Anthony Elanga,",  AM(LR)  ",10.5	,0.1	,0.2	,-	
Yasser Larouci,",  D(L)  ",23.5	,0.6	,0.4	,0.2	
Pierrick Capelle,",  D(L),M(CLR)  ",21.3	,0.2	,0.9	,-	
Dennis Appiah,",  D(CLR),M(R)  ",25.1	,0.3	,0.6	,-	
Giulio Maggiore,",  M(C)  ",35.1	,0.1	,1.2	,0.1	
Jacob Murphy,",  D(R),M(LR)  ",9.5	,0.2	,-	,0.1	
Habib Diarra,",  M(C)  ",18.2	,-	,0.6	,-	
Pablo Rosario,",  D(C),DMC  ",37.4	,0.1	,2.1	,-	
Hugo Mallo,",  D(CR),M(R)  ",42.1	,0.5	,1.5	,-	
Jeong Woo-Yeong,",  AM(CR),FW  ",12.2	,0.2	,0.2	,-	
Nedim Bajrami,",  AM(C)  ",16.6	,0.5	,0.5	,-	
Soualiho Meïté,",  M(C)  ",25.4	,0.1	,0.9	,-	
Lorenzo Colombo,",  FW  ",7.5	,-	,0.1	,-	
Marcos André,",  FW  ",4.1	,-	,-	,0.1	
Rui Patrício,",  GK  ",21.9	,-	,4.2	,-	
Riccardo Orsolini,",  M(CR),FW  ",16	,0.4	,1	,-	
Odilon Kossounou,",  D(CR)  ",28.1	,0.1	,0.6	,-	
Sékou Mara,",  FW  ",3.7	,-	,0.1	,0.1	
Sargis Adamyan,",  AM(CLR),FW  ",7.5	,0.3	,0.4	,0.1	
Luis Hernández,",  D(CR)  ",37.5	,0.1	,3.3	,-	
Juan Carlos Martín,",  GK  ",28.9	,-	,4.1	,-	
Dominick Drexler,",  AM(CLR)  ",18.5	,0.3	,0.6	,-	
Morten Thorsby,",  M(CLR)  ",8.4	,-	,0.3	,-	
Atakan Karazor,",  D(C),DMC  ",21.2	,-	,0.8	,-	
Florian Müller,",  GK  ",33.1	,-	,6.8	,-	
Jerdy Schouten,",  DMC  ",35.4	,-	,1.1	,-	
Simon Zoller,",  AM(LR),FW  ",14.1	,0.1	,0.7	,0.1	
Valère Germain,",  AM(CLR),FW  ",8.1	,-	,-	,-	
Andoni Gorosabel,",  D(R)  ",31.6	,0.4	,1.6	,-	
Remi Oudin,",  M(CLR),FW  ",10.1	,0.2	,0.7	,-	
Joan Jordán,",  M(C)  ",42.8	,-	,2.8	,0.1	
Alex Král,",  DMC  ",25.6	,-	,1.5	,0.1	
Federico Bonazzoli,",  AM(C),FW  ",15.4	,0.1	,1.4	,-	
Frank Onyeka,",  DMC  ",10.6	,-	,0.3	,-	
José Morales,",  D(R),M(CLR),FW  ",5.8	,-	,0.2	,-	
Iago,",  D(L),M(L)  ",25.8	,0.5	,1.5	,-	
Benjamin Leroy,",  GK  ",21.3	,-	,5.6	,-	
Wilfred Ndidi,",  D(C),DMC  ",42.3	,-	,0.6	,-	
Toni Villa,",  AM(CL)  ",11.4	,0.2	,0.2	,-	
Javier Puado,",  AM(LR),FW  ",13.2	,-	,0.4	,-	
Iddrisu Baba,",  DMC  ",17.8	,-	,1.3	,-	
Angelo Stiller,",  DMC  ",14	,0.1	,0.8	,0.1	
Pavel Kaderábek,",  D(R),M(LR)  ",20.8	,0.8	,0.6	,-	
Pascal Stenzel,",  D(CR),M(R)  ",11.2	,0.3	,2	,-	
Scott McKenna,",  D(C)  ",41.4	,0.1	,2.1	,-	
Kevin Kampl,",  M(CLR)  ",34.3	,0.1	,1.4	,0.1	
Rasmus Højlund,",  Forward  ",9.7	,-	,0.2	,-	
Luka Milivojevic,",  DMC  ",16.8	,-	,0.9	,-	
Borja Mayoral,",  FW  ",19.6	,0.1	,0.6	,0.1	
Davie Selke,",  FW  ",5.1	,-	,-	,-	
Nélson Semedo,",  D(LR),M(R)  ",19.8	,0.3	,0.8	,0.1	
Samuel Moutoussamy,",  M(CL)  ",27.2	,-	,1.1	,-	
Théo Bongonda,",  AM(LR)  ",11	,0.1	,0.2	,-	
Enzo Ebosse,",  D(C)  ",31.5	,0.1	,2.5	,-	
Papu Gómez,",  M(CLR),FW  ",28.6	,0.6	,2.1	,0.2	
Amadou Haidara,",  M(CLR)  ",21.2	,-	,1.1	,0.1	
Shandon Baptiste,",  AM(C)  ",14.8	,0.3	,0.7	,0.1	
Bonke Innocent,",  DMC  ",21.8	,-	,0.6	,-	
Agustín Álvarez Martínez,",  Forward  ",3.9	,-	,0.4	,-	
Milan Djuric,",  FW  ",9.7	,-	,-	,-	
Florian Dietz,",  Forward  ",6.3	,-	,-	,-	
Gumbau,",  DMC  ",29.5	,1.1	,2.5	,-	
Jordi Osei-Tutu,",  D(R),M(LR)  ",8	,0.1	,0.4	,-	
Alfred Duncan,",  DMC  ",17	,0.3	,1	,0.1	
Óscar Mingueza,",  D(CR)  ",28.2	,0.3	,1.3	,-	
Ronaldo Vieira,",  DMC  ",29.7	,-	,1.3	,-	
Sebastian Polter,",  AM(R),FW  ",7.8	,0.1	,0.1	,-	
Islam Slimani,",  FW  ",27.7	,0.1	,0.8	,0.2	
Sven Michel,",  AM(L),FW  ",7.5	,0.1	,0.3	,-	
Sebastian Rudy,",  D(R),M(CR)  ",12.7	,0.4	,0.8	,-	
Fran Beltrán,",  DMC  ",54.4	,0.2	,2.9	,-	
Iván Alejo,",  AM(R)  ",10.6	,0.7	,0.2	,-	
Tanguy Nianzou,",  D(C)  ",35.1	,-	,1	,-	
Federico Di Francesco,",  M(LR),FW  ",10.1	,-	,0.3	,0.1	
Mitchel Bakker,",  D(L),M(L)  ",29.5	,0.2	,1.2	,-	
Omar Mascarell,",  DMC  ",41.2	,0.2	,2.6	,-	
Mikkel Damsgaard,",  AM(CL)  ",12	,0.3	,0.3	,-	
Marcus Coco,",  M(LR),FW  ",9.1	,0.2	,0.4	,-	
Ivan Rakitic,",  M(C)  ",36.1	,0.4	,1.5	,0.1	
Stuart Armstrong,",  AM(CLR)  ",21.6	,0.4	,0.9	,0.1	
Jesús Navas,",  D(R),M(R)  ",33.1	,0.9	,2.9	,-	
Valery Fernández,",  M(L)  ",11.7	,0.1	,0.4	,-	
Thorgan Hazard,",  M(CLR),FW  ",18.6	,0.4	,0.5	,-	
Andreas Bruus,",  D(R)  ",18.1	,1.7	,1.4	,-	
Enzo Millot,",  Midfielder  ",12.5	,0.1	,0.1	,-	
Julian Jeanvier,",  D(C)  ",35.9	,-	,1.9	,-	
Khalil Fayad,",  Midfielder  ",21.3	,-	,0.8	,0.1	
Cyriel Dessers,",  FW  ",11.1	,-	,0.3	,-	
Ezequiel Ponce,",  AM(L),FW  ",8.8	,-	,0.3	,0.1	
Clément Grenier,",  M(CL)  ",16.2	,0.3	,0.6	,-	
Djené Dakonam,",  D(C)  ",31.7	,0.2	,2.4	,-	
Keidi Bare,",  DMC  ",14.9	,0.1	,1	,-	
Yves Bissouma,",  M(C)  ",29	,-	,0.5	,-	
Angelo Fulgini,",  AM(CLR),FW  ",14.5	,0.1	,0.2	,-	
Yannik Keitel,",  DMC  ",12.9	,-	,0.9	,-	
Tanguy Ndombélé,",  M(C)  ",25.7	,-	,0.1	,-	
Léo Leroy,",  DMC  ",12.3	,-	,0.2	,-	
Gonzalo Escalante,",  DMC  ",31.8	,-	,1.1	,-	
Andrea Petagna,",  FW  ",12.6	,-	,0.6	,-	
Armando Broja,",  FW  ",4.4	,-	,-	,-	
Brian Ocampo,",  M(L)  ",14.6	,0.5	,0.7	,-	
Emre Can,",  D(CLR),DMC  ",24.1	,-	,1.4	,-	
Neal Maupay,",  AM(C),FW  ",11.2	,-	,0.3	,-	
Gonçalo Paciência,",  FW  ",6.4	,0.1	,0.2	,-	
José Mari,",  DMC  ",13.1	,-	,1.8	,-	
Marvin Schwäbe,",  GK  ",39.5	,-	,4.7	,-	
Gauthier Hein,",  AM(R)  ",20.8	,0.3	,2.1	,-	
Iké Ugbo,",  FW  ",3.4	,-	,-	,-	
Jim Allevinah,",  AM(LR)  ",12.8	,0.2	,0.2	,-	
Dion Lopy,",  DMC  ",24	,-	,1.5	,-	
Erhan Masovic,",  D(C)  ",28.4	,-	,1.8	,-	
Pablo Sarabia,",  D(L),M(CLR),FW  ",11.7	,0.5	,-	,0.1	
Oliver Burke,",  AM(LR),FW  ",5.1	,-	,-	,-	
Christian Pulisic,",  M(CLR),FW  ",12.1	,-	,0.4	,-	
Valerio Verre,",  AM(CL),FW  ",19.4	,0.4	,1.5	,0.1	
Dyego Sousa,",  FW  ",9.2	,-	,0.1	,0.1	
Kieran Tierney,",  D(CL),M(L)  ",17.2	,0.1	,1.1	,-	
Lucas Alario,",  FW  ",5.5	,-	,0.2	,-	
Kingsley Ehizibue,",  D(R),M(R)  ",13.3	,0.3	,0.5	,-	
Luca Kilian,",  D(C)  ",51.3	,-	,2.3	,-	
Jon Moncayola,",  DMC  ",30.9	,-	,2.6	,0.1	
Liam Henderson,",  AM(C)  ",18.5	,0.5	,0.4	,-	
Matthis Abline,",  Forward  ",1.2	,-	,0.1	,0.1	
Cédric Hountondji,",  D(C)  ",40.6	,-	,1.9	,-	
Nicolò Zaniolo,",  AM(CR),FW  ",14.4	,0.3	,0.8	,0.1	
Taiwo Awoniyi,",  FW  ",7.1	,-	,0.1	,-	
Birger Meling,",  D(LR),DMC  ",18.8	,0.1	,0.9	,-	
Cédric Avinel,",  D(C)  ",27.8	,-	,1.7	,-	
Jens Stage,",  M(C)  ",12.6	,0.1	,0.1	,-	
Daniel Caligiuri,",  D(R),M(CLR),FW  ",9.4	,0.3	,0.7	,-	
Ismaël Diallo,",  D(L)  ",28.9	,0.2	,1.9	,0.2	
Achraf Dari,",  D(C)  ",41.2	,-	,3.8	,-	
Helibelton Palacios,",  D(R)  ",25	,0.2	,0.6	,-	
Adrien Tameze,",  M(C)  ",24.5	,0.1	,1.2	,-	
Kaan Ayhan,",  D(CR),DMC  ",32.9	,-	,3.1	,-	
Chris Wood,",  FW  ",4.9	,-	,0.1	,-	
Lilian Egloff,",  Midfielder  ",6.8	,-	,0.1	,-	
Brennan Johnson,",  AM(CLR),FW  ",12.4	,0.1	,0.2	,-	
Dimitri Foulquier,",  D(CLR),M(R)  ",12.2	,0.3	,0.2	,-	
Erik Botheim,",  Forward  ",5.8	,0.1	,0.1	,-	
Jaidon Anthony,",  AM(L)  ",8.6	,-	,0.4	,-	
Domagoj Bradaric,",  D(L),M(L)  ",19.3	,0.5	,0.6	,-	
Florent Ogier,",  D(C)  ",41	,-	,3	,-	
Michel Aebischer,",  AM(CR)  ",18.9	,0.1	,1	,-	
Javi Hernández,",  Defender  ",22.6	,0.1	,0.9	,-	
Arnaut Danjuma,",  AM(L),FW  ",9	,0.3	,-	,-	
Rayan Raveloson,",  DMC  ",23	,0.2	,1.4	,-	
Raúl Guti,",  DMC  ",19	,-	,0.9	,-	
Anthony Lozano,",  AM(L),FW  ",11.7	,0.1	,-	,-	
Kristoffer Askildsen,",  M(C)  ",12.8	,0.4	,1.2	,-	
Moussa Diarra,",  D(C)  ",19.9	,0.1	,0.8	,-	
Tom Cairney,",  M(CR)  ",17.3	,0.3	,0.9	,-	
Kingsley Schindler,",  D(R),M(R),FW  ",13.8	,0.1	,0.6	,-	
Radamel Falcao,",  FW  ",7.8	,-	,0.2	,-	
Rafael Borré,",  FW  ",9.9	,0.1	,0.4	,-	
Vasilios Lampropoulos,",  D(C)  ",20.4	,-	,0.8	,-	
Luca Pfeiffer,",  FW  ",10.6	,0.1	,0.5	,-	
Sergi Guardiola,",  FW  ",6.7	,0.1	,0.2	,-	
Carles Pérez,",  AM(CR),FW  ",11.9	,-	,0.3	,-	
Lorenzo De Silvestri,",  D(R),M(R)  ",21.8	,0.1	,0.6	,-	
Ibrahima Koné,",  FW  ",5.1	,-	,0.1	,-	
M'Baye Niang,",  AM(LR),FW  ",12	,0.1	,0.4	,-	
Pietro Pellegri,",  FW  ",5	,-	,-	,-	
Toma Basic,",  M(C)  ",12.6	,0.2	,0.1	,0.1	
Ondrej Duda,",  AM(C),FW  ",20.3	,0.2	,1.1	,-	
Robin Gosens,",  D(L),M(CL)  ",8.3	,0.3	,0.3	,-	
Tommaso Augello,",  D(L)  ",36.4	,0.8	,2.1	,-	
Yayah Kallon,",  Forward  ",7.8	,0.4	,-	,-	
Lucas Pérez,",  AM(CR),FW  ",13.9	,0.6	,0.5	,-	
Benjamin Lecomte,",  GK  ",24.7	,-	,8.1	,-	
Jean-Philippe Mateta,",  FW  ",5.5	,-	,-	,-	
Hugo Duro,",  AM(L),FW  ",9.9	,0.1	,0.1	,-	
Mattia Destro,",  FW  ",5.8	,0.1	,0.1	,-	
Rodrigo Battaglia,",  M(C)  ",17.5	,-	,0.5	,-	
Antonio Sánchez,",  AM(CR)  ",13.6	,0.2	,1	,-	
Rubén Alcaraz,",  DMC  ",23.1	,0.6	,2.2	,0.1	
Abdou Harroui,",  DMC,M(R)  ",10.4	,0.1	,0.2	,-	
Eddie Nketiah,",  FW  ",4.2	,-	,0.1	,-	
Kelechi Iheanacho,",  AM(C),FW  ",7	,-	,0.1	,-	
Christian Gytkjær,",  FW  ",5.1	,-	,0.1	,-	
Ryan Gravenberch,",  DMC  ",9.9	,-	,0.2	,-	
Giacomo Quagliata,",  D(L)  ",9.8	,0.6	,0.2	,-	
Kevin Lasagna,",  AM(CL),FW  ",8.9	,0.1	,0.1	,-	
Jesse Lingard,",  AM(CLR),FW  ",17.7	,0.1	,0.5	,-	
Arne Maier,",  M(C)  ",18	,0.6	,0.6	,-	
Dimitrios Nikolaou,",  D(C)  ",45.6	,0.1	,2.7	,-	
Jacob Bruun Larsen,",  AM(CL),FW  ",6.5	,0.2	,-	,-	
Shon Weissman,",  FW  ",5.6	,0.1	,-	,-	
Aleix Vidal,",  D(R),M(LR)  ",13.1	,0.1	,0.3	,-	
Silvère Ganvoula,",  FW  ",5.3	,-	,-	,-	
Ibrahima Diallo,",  DMC  ",21.2	,-	,0.6	,-	
Daniel Ciofani,",  FW  ",4.4	,-	,0.2	,0.1	
Nicolás Melamed,",  AM(L)  ",6.8	,-	,0.2	,-	
Jordan Larsson,",  AM(CR),FW  ",8.7	,-	,0.3	,-	
Tete Morente,",  AM(CLR)  ",19	,0.3	,0.9	,-	
Igor Julio,",  D(C),M(L)  ",52.4	,-	,4.3	,-	
Emmanuel Dennis,",  M(LR),FW  ",9.3	,0.1	,0.4	,-	
Ismail Jakobs,",  D(L),M(L)  ",14.8	,0.3	,0.2	,-	
Sada Thioub,",  M(LR)  ",13.8	,0.1	,0.2	,0.1	
Tariq Lamptey,",  D(R),M(R)  ",7.5	,0.3	,0.1	,-	
Emmanuel Gyasi,",  M(LR),FW  ",17.5	,0.1	,0.1	,-	
Youssouf M'Changama,",  M(C)  ",14.1	,0.5	,1.1	,0.1	
Mohamed Bayo,",  FW  ",4.9	,-	,0.1	,-	
Youssef En-Nesyri,",  FW  ",5.3	,-	,0.1	,-	
Rémy Dugimont,",  Forward  ",5.9	,-	,0.2	,-	
Francesco Caputo,",  FW  ",15.4	,-	,0.3	,-	
Matteo Cancellieri,",  Forward  ",5	,0.1	,-	,-	
Salvi Sánchez,",  AM(R)  ",7.6	,0.2	,0.3	,0.1	
Hwang Hee-Chan,",  AM(CLR),FW  ",6	,0.1	,0.1	,-	
Abdallah Sima,",  AM(R),FW  ",9.1	,0.1	,-	,-	
Joe Gelhardt,",  FW  ",4.6	,-	,-	,0.1	
Fede San Emeterio,",  DMC  ",22.7	,-	,1.6	,-	
Jaime Seoane,",  M(C)  ",7.9	,-	,0.6	,0.1	
Billal Brahimi,",  Forward  ",12.9	,0.5	,0.3	,-	
Mateusz Klich,",  M(C)  ",9.8	,0.1	,0.2	,-	
Andrea Belotti,",  FW  ",6.6	,-	,0.2	,-	
Raoul Bellanova,",  M(R)  ",6.6	,-	,0.1	,-	
Kristijan Bistrovic,",  DMC  ",10.2	,0.9	,0.4	,-	
Manolo Gabbiadini,",  AM(CLR),FW  ",12.9	,-	,0.3	,-	
Domingos Quina,",  M(CL)  ",14.4	,0.3	,0.7	,0.1	
Kenan Karaman,",  AM(CLR),FW  ",8.1	,-	,0.1	,-	
Josan,",  D(R),M(R)  ",9.5	,-	,0.4	,-	
Willian José,",  FW  ",11.7	,-	,0.3	,-	
Sébastien Corchia,",  D(R),M(R)  ",9.2	,0.4	,0.3	,-	
Florent Mollet,",  AM(CLR)  ",15.7	,0.2	,0.3	,-	
Patrick Bamford,",  AM(CLR),FW  ",7.9	,-	,-	,-	
Kevin Spadanuda,",  M(L)  ",10.7	,-	,0.2	,-	
Batista Mendy,",  D(C),DMC  ",37.9	,0.1	,1.5	,-	
Nils Petersen,",  FW  ",2.8	,-	,0.1	,-	
Patrick Osterhage,",  M(C)  ",11.8	,0.1	,0.2	,-	
Danny Latza,",  M(C)  ",9.2	,0.1	,0.1	,-	
Enzo Roco,",  D(C)  ",37	,-	,3.1	,0.1	
Albin Ekdal,",  M(C)  ",17.8	,-	,0.3	,-	
Ado Onaiwu,",  Forward  ",8.4	,-	,-	,-	
Francisco Portillo,",  M(CLR)  ",13.2	,0.1	,0.5	,0.2	
Gonzalo Villar,",  DMC  ",25.9	,0.1	,0.9	,-	
Delano Burgzorg,",  AM(L)  ",3.8	,-	,0.1	,-	
Fabio Quagliarella,",  FW  ",7.5	,0.1	,0.5	,-	
Portu,",  M(CLR),FW  ",9.2	,0.5	,0.3	,-	
Carlos Vinícius,",  FW  ",6.4	,-	,-	,0.1	
Karamoko Dembele,",  Forward  ",4.8	,0.3	,0.1	,-	
Abdón Prats,",  FW  ",3.4	,-	,0.2	,-	
Oier Zarraga,",  M(CR)  ",10.4	,0.1	,-	,-	
Irvin Cardona,",  AM(L),FW  ",5.6	,-	,0.1	,-	
Kévin Biakolo,",  Midfielder  ",8.9	,-	,0.4	,-	
Patrick Herrmann,",  M(LR),FW  ",3.8	,0.2	,0.1	,-	
Mikael Ellertsson,",  Midfielder  ",3.4	,-	,-	,-	
